"","band_num","SPECIES","DATE","COORDINATES"
"1","795-69001","BWTE","6/2/1983","52.08333 -106.08333"
"2","795-69019","BWTE","7/12/1983","52.08333 -106.08333"
"3","795-69012","BWTE","7/14/1983","52.08333 -106.08333"
"4","795-69013","BWTE","7/15/1983","52.08333 -106.08333"
"5","795-69016","BWTE","7/19/1983","52.08333 -106.08333"
"6","795-69017","BWTE","7/20/1983","52.08333 -106.08333"
"7","795-69018","BWTE","7/20/1983","52.08333 -106.08333"
"8","795-69020","BWTE","7/20/1983","52.08333 -106.08333"
"9","795-69021","BWTE","7/20/1983","52.08333 -106.08333"
"10","795-69026","BWTE","8/5/1983","52.08333 -106.08333"
"11","795-69028","BWTE","8/5/1983","52.08333 -106.08333"
"12","795-69032","BWTE","8/5/1983","52.08333 -106.08333"
"13","795-69034","BWTE","8/5/1983","52.08333 -106.08333"
"14","795-69038","BWTE","8/5/1983","52.08333 -106.08333"
"15","795-69039","BWTE","8/5/1983","52.08333 -106.08333"
"16","795-69040","BWTE","8/5/1983","52.08333 -106.08333"
"17","795-69042","BWTE","8/5/1983","52.08333 -106.08333"
"18","795-69044","BWTE","8/5/1983","52.08333 -106.08333"
"19","795-69045","BWTE","8/5/1983","52.08333 -106.08333"
"20","795-69046","BWTE","8/5/1983","52.08333 -106.08333"
"21","795-69047","BWTE","8/5/1983","52.08333 -106.08333"
"22","795-69048","BWTE","8/5/1983","52.08333 -106.08333"
"23","795-69049","BWTE","8/5/1983","52.08333 -106.08333"
"24","795-69050","BWTE","8/5/1983","52.08333 -106.08333"
"25","795-69051","BWTE","8/5/1983","52.08333 -106.08333"
"26","795-69053","BWTE","8/10/1983","52.08333 -106.08333"
"27","795-69054","BWTE","8/10/1983","52.08333 -106.08333"
"28","795-69055","BWTE","8/10/1983","52.08333 -106.08333"
"29","795-69056","BWTE","8/10/1983","52.08333 -106.08333"
"30","795-69057","BWTE","8/10/1983","52.08333 -106.08333"
"31","795-69058","BWTE","8/10/1983","52.08333 -106.08333"
"32","795-69059","BWTE","8/10/1983","52.08333 -106.08333"
"33","795-69010","BWTE","7/7/1983","52.08333 -106.08333"
"34","795-69060","BWTE","8/10/1983","52.08333 -106.08333"
"35","795-69061","BWTE","8/10/1983","52.08333 -106.08333"
"36","795-69062","BWTE","8/10/1983","52.08333 -106.08333"
"37","795-69064","BWTE","8/10/1983","52.08333 -106.08333"
"38","795-69066","BWTE","8/10/1983","52.08333 -106.08333"
"39","795-69067","BWTE","8/10/1983","52.08333 -106.08333"
"40","795-69069","BWTE","8/25/1983","52.08333 -106.08333"
"41","795-69077","BWTE","8/25/1983","52.08333 -106.08333"
"42","795-69079","BWTE","8/25/1983","52.08333 -106.08333"
"43","795-69081","BWTE","8/25/1983","52.08333 -106.08333"
"44","795-69085","BWTE","6/5/1984","52.08333 -106.08333"
"45","795-69087","BWTE","6/18/1984","52.08333 -106.08333"
"46","795-69089","BWTE","6/25/1984","52.08333 -106.08333"
"47","795-69092","BWTE","7/9/1984","52.08333 -106.08333"
"48","795-74112","","",""
"49","775-74117","BWTE","6/1/1985","52.25 -106.08333"
"50","775-74119","BWTE","6/9/1985","52.25 -106.08333"
"51","775-74120","BWTE","6/9/1985","52.25 -106.08333"
"52","775-74121","BWTE","6/11/1985","52.25 -106.08333"
"53","775-74122","BWTE","6/11/1985","52.25 -106.08333"
"54","775-74123","BWTE","6/13/1985","52.25 -106.08333"
"55","775-74124","BWTE","6/13/1985","52.25 -106.08333"
"56","775-74125","BWTE","6/14/1985","52.25 -106.08333"
"57","775-74126","BWTE","6/14/1985","52.25 -106.08333"
"58","775-74127","BWTE","6/15/1985","52.25 -106.08333"
"59","775-74128","BWTE","6/15/1985","52.25 -106.08333"
"60","775-74129","BWTE","6/19/1985","52.25 -106.08333"
"61","775-74130","BWTE","6/24/1985","52.25 -106.08333"
"62","775-74131","BWTE","6/24/1985","52.25 -106.08333"
"63","775-74132","BWTE","6/25/1985","52.25 -106.08333"
"64","775-74134","BWTE","6/27/1985","52.25 -106.08333"
"65","775-74136","BWTE","7/3/1985","52.25 -106.08333"
"66","775-74138","BWTE","7/9/1985","52.25 -106.08333"
"67","775-74144","BWTE","7/15/1985","52.25 -106.08333"
"68","775-74156","BWTE","7/15/1985","52.25 -106.08333"
"69","775-74158","BWTE","7/15/1985","52.25 -106.08333"
"70","775-74157","BWTE","7/15/1985","52.25 -106.08333"
"71","775-74166","BWTE","7/16/1985","52.25 -106.08333"
"72","775-74176","BWTE","7/22/1985","52.25 -106.08333"
"73","775-74177","BWTE","7/22/1985","52.25 -106.08333"
"74","775-74190","BWTE","7/23/1985","52.25 -106.08333"
"75","775-74309","BWTE","7/24/1985","52.25 -106.08333"
"76","775-74321","BWTE","7/25/1985","52.25 -106.08333"
"77","775-74323","BWTE","7/25/1985","52.25 -106.08333"
"78","775-74325","BWTE","7/25/1985","52.25 -106.08333"
"79","775- 74327","BWTE","7/25/1985","52.25 -106.08333"
"80","775-74327","","see above",""
"81","775-74348","BWTE","7/30/1985","52.25 -106.08333"
"82","775-74350","BWTE","7/30/1985","52.25 -106.08333"
"83","775-75353","BWTE","7/30/1985","52.25 -106.08333"
"84","775-74355","BWTE","7/30/1985","52.25 -106.08333"
"85","775-74356","BWTE","7/30/1985","52.25 -106.08333"
"86","775-74358","BWTE","7/30/1985","52.25 -106.08333"
"87","775-74362","BWTE","7/30/1985","52.25 -106.08333"
"88","775-74369","BWTE","7/30/1985","52.25 -106.08333"
"89","775-74370","BWTE","7/30/1985","52.25 -106.08333"
"90","775-74379","BWTE","7/30/1985","52.25 -106.08333"
"91","775-74383","BWTE","8/1/1985","52.25 -106.08333"
"92","775-74386","BWTE","8/1/1985","52.25 -106.08333"
"93","775-74388","BWTE","8/1/1985","52.25 -106.08333"
"94","775-74390","BWTE","8/1/1985","52.25 -106.08333"
"95","775-74391","BWTE","8/1/1985","52.25 -106.08333"
"96","775-74399","BWTE","8/6/1985","52.25 -106.08333"
"97","775-74201","BWTE","8/6/1985","52.25 -106.08333"
"98","775-74400","BWTE","8/6/1985","52.25 -106.08333"
"99","775-74202","BWTE","8/6/1985","52.25 -106.08333"
"100","775-74206","BWTE","8/6/1985","52.25 -106.08333"
"101","775-74207","BWTE","8/6/1985","52.25 -106.08333"
"102","775-74219","BWTE","8/8/1985","52.25 -106.08333"
"103","775-74221","BWTE","8/8/1985","52.25 -106.08333"
"104","775-74222","BWTE","8/8/1985","52.25 -106.08333"
"105","775-74223","BWTE","8/8/1985","52.25 -106.08333"
"106","775-74224","BWTE","8/8/1985","52.25 -106.08333"
"107","775-74225","BWTE","8/8/1985","52.25 -106.08333"
"108","775-74226","BWTE","8/8/1985","52.25 -106.08333"
"109","775-74228","BWTE","8/8/1985","52.25 -106.08333"
"110","775-74233","BWTE","8/8/1985","52.25 -106.08333"
"111","775-74251","BWTE","8/12/1985","52.25 -106.08333"
"112","775-74252","BWTE","8/12/1985","52.25 -106.08333"
"113","775-74253","BWTE","8/12/1985","52.25 -106.08333"
"114","775-74254","BWTE","8/13/1985","52.25 -106.08333"
"115","775-74255","BWTE","8/15/1985","52.25 -106.08333"
"116","775-74256","BWTE","8/15/1985","52.25 -106.08333"
"117","775-74257","BWTE","8/15/1985","52.25 -106.08333"
"118","775-74259","BWTE","8/15/1985","52.25 -106.08333"
"119","775-74260","BWTE","8/15/1985","52.25 -106.08333"
"120","775-74262","BWTE","8/15/1985","52.25 -106.08333"
"121","775-74264","BWTE","8/19/1985","52.25 -106.08333"
"122","775-74267","BWTE","8/19/1985","52.25 -106.08333"
"123","775-74277","BWTE","8/19/1985","52.25 -106.08333"
"124","775-74278","BWTE","8/19/1985","52.25 -106.08333"
"125","775-74279","BWTE","8/19/1985","52.25 -106.08333"
"126","775-74280","BWTE","8/19/1985","52.25 -106.08333"
"127","775-74281","BWTE","8/19/1985","52.25 -106.08333"
"128","775-74282","BWTE","8/19/1985","52.25 -106.08333"
"129","775-74433","BWTE","8/27/1985","52.08333 -106.08333"
"130","775-74434","BWTE","8/27/1985","52.08333 -106.08333"
"131","775-74435","BWTE","8/27/1985","52.08333 -106.08333"
"132","775-74436","BWTE","8/27/1985","52.08333 -106.08333"
"133","775-74301","BWTE","7/24/1985","52.25 -106.08333"
"134","775-74457","BWTE","8/29/1985","52.08333 -106.08333"
"135","775-74458","BWTE","8/29/1985","52.08333 -106.08333"
"136","775-74460","BWTE","8/29/1985","52.08333 -106.08333"
"137","775-74465","BWTE","8/29/1985","52.08333 -106.08333"
"138","775-74463","BWTE","8/29/1985","52.08333 -106.08333"
"139","865-18504","BWTE","6/16/1986","52.08333 -106.08333"
"140","865-18506","BWTE","6/17/1986","52.08333 -106.08333"
"141","865-18508","BWTE","6/19/1986","52.08333 -106.08333"
"142","865-18509","BWTE","6/20/1986","52.08333 -106.08333"
"143","865-18511","BWTE","6/24/1986","52.08333 -106.08333"
"144","865-18512","BWTE","6/24/1986","52.08333 -106.08333"
"145","865-18514","BWTE","6/27/1986","52.08333 -106.08333"
"146","865-18532","BWTE","7/14/1986","52.08333 -106.08333"
"147","865-18533","BWTE","7/16/1986","52.08333 -106.08333"
"148","865-18540","BWTE","7/16/1986","52.08333 -106.08333"
"149","865-18544","BWTE","7/16/1986","52.08333 -106.08333"
"150","865-18559","BWTE","7/29/1986","52.08333 -106.08333"
"151","865-18571","BWTE","7/31/1986","52.08333 -106.08333"
"152","865-18539","BWTE","7/16/1986","52.08333 -106.08333"
"153","865-18742","BWTE","8/20/1986","52.08333 -106.08333"
"154","865-18746","BWTE","8/20/1986","52.08333 -106.08333"
"155","865-18536","BWTE","7/16/1986","52.08333 -106.08333"
"156","865-18581","BWTE","8/12/1986","52.08333 -106.08333"
"157","865-18589","BWTE","8/12/1986","52.08333 -106.08333"
"158","865-18594","BWTE","8/13/1986","52.08333 -106.08333"
"159","865-18596","BWTE","8/13/1986","52.08333 -106.08333"
"160","865-18661","BWTE","8/28/1986","52.08333 -106.08333"
"161","865-18763","BWTE","8/22/1986","52.08333 -106.08333"
"162","865-18665","BWTE","8/30/1986","52.08333 -106.08333"
"163","775-74198","BWTE","7/23/1985","52.25 -106.08333"
"164","865-18668","BWTE","8/31/1986","52.08333 -106.08333"
"165","865-18675","BWTE","6/7/1987","52.08333 -106.08333"
"166","865-18678","BWTE","6/7/1987","52.08333 -106.08333"
"167","865-18679","BWTE","6/7/1987","52.08333 -106.08333"
"168","865-18680","BWTE","6/7/1987","52.08333 -106.08333"
"169","865-18684","BWTE","6/26/1987","52.08333 -106.08333"
"170","865-18686","BWTE","7/2/1987","52.08333 -106.08333"
"171","865-18689","BWTE","7/8/1987","52.08333 -106.08333"
"172","865-18690","BWTE","7/10/1987","52.08333 -106.08333"
"173","865-18691","BWTE","7/11/1987","52.08333 -106.08333"
"174","865-18700","BWTE","7/21/1987","52.08333 -106.08333"
"175","865-18805","BWTE","7/21/1987","52.08333 -106.08333"
"176","865-18833","BWTE","7/23/1987","52.08333 -106.08333"
"177","865-18834","BWTE","7/23/1987","52.08333 -106.08333"
"178","865-18878","BWTE","8/27/1987","52.08333 -106.08333"
"179","865-18935","BWTE","5/11/1988","52.08333 -106.08333"
"180","865-18940","BWTE","6/13/1988","52.08333 -106.08333"
"181","865-18942","BWTE","6/14/1988","52.08333 -106.08333"
"182","865-18943","BWTE","6/17/1988","52.08333 -106.08333"
"183","865-18944","BWTE","6/18/1988","52.08333 -106.08333"
"184","755-49218","BWTE","6/6/1988","52.08333 -106.08333"
"185","755-49219","BWTE","6/25/1988","52.08333 -106.08333"
"186","755-49220","BWTE","6/28/1988","52.08333 -106.08333"
"187","755-49230","BWTE","7/22/1988","52.08333 -106.08333"
"188","755-49285","BWTE","7/29/1988","52.08333 -106.08333"
"189","755-49287","BWTE","7/29/1988","52.08333 -106.08333"
"190","755-49297","BWTE","8/8/1988","52.08333 -106.08333"
"191","755-49288","BWTE","7/29/1988","52.08333 -106.08333"
"192","755-49294","BWTE","8/8/1988","52.08333 -106.08333"
"193","755-49296","BWTE","8/8/1988","52.08333 -106.08333"
"194","755-49308","BWTE","8/10/1988","52.08333 -106.08333"
"195","755-49377","BWTE","8/3/1989","52.08333 -106.08333"
"196","755-49385","BWTE","8/3/1989","52.08333 -106.08333"
"197","755-49369","BWTE","8/3/1989","52.08333 -106.08333"
"198","755-49350","BWTE","7/6/1989","52.08333 -106.08333"
"199","755-49348","BWTE","6/20/1989","52.08333 -106.08333"
"200","755-49253","BWTE","7/25/1988","52.08333 -106.08333"
"201","755-49386","BWTE","8/3/1989","52.08333 -106.08333"
"202","755-49371","BWTE","8/3/1989","52.08333 -106.08333"
"203","755-49496","BWTE","",""
"204","755-49497","BWTE","6/23/1990","52.08333 -106.08333"
"205","755-49247","BWTE","7/25/1988","52.08333 -106.08333"
"206","755-49499","BWTE","6/27/1990","52.08333 -106.08333"
"207","855-43201","","",""
"208","855-43203","","",""
"209","865-18850","BWTE","8/16/1987","52.08333 -106.08333"
"210","865-18842","BWTE","8/15/1987","52.08333 -106.08333"
"211","885-43219","BWTE","8/3/1990","52.08333 -106.08333"
"212","885-43221","BWTE","8/10/1990","52.08333 -106.08333"
"213","885-43222","BWTE","8/10/1990","52.08333 -106.08333"
"214","885-43223","BWTE","8/10/1990","52.08333 -106.08333"
"215","885-43224","BWTE","8/10/1990","52.08333 -106.08333"
"216","885-43225","BWTE","8/10/1990","52.08333 -106.08333"
"217","755-49468","BWTE","8/17/1989","52.25 -106.08333"
"218","865-18948","BWTE","7/20/1988","52.08333 -106.08333"
"219","885-43375","BWTE","6/23/1991","52.08333 -106.08333"
"220","885-43377","BWTE","7/17/1991","52.08333 -106.08333"
"221","885-43378","BWTE","7/19/1991","52.08333 -106.08333"
"222","885-43405","","",""
"223","885-43421","BWTE","8/28/1991","52.08333 -106.08333"
"224","","","",""
"225",NA,"","",""
"226","876-04949","GADW","6/25/1986","52.08333 -106.08333"
"227","876-04950","GADW","6/28/1986","52.08333 -106.08333"
"228","876-04951","GADW","7/8/1986","52.08333 -106.08333"
"229","876-04952","GADW","7/8/1986","52.08333 -106.08333"
"230","876-04967","GADW","6/25/1987","52.08333 -106.08333"
"231","876-04970","GADW","7/1/1987","52.08333 -106.08333"
"232","876-04971","GADW","7/2/1987","52.08333 -106.08333"
"233","876-04972","GADW","7/6/1987","52.08333 -106.08333"
"234","876-04973","GADW","7/14/1987","52.08333 -106.08333"
"235","876-04984","GADW","5/25/1988","52.08333 -106.08333"
"236","876-04985","GADW","6/20/1988","52.08333 -106.08333"
"237","876-04986","GADW","6/23/1988","52.08333 -106.08333"
"238","876-04988","GADW","6/23/1988","52.08333 -106.08333"
"239","876-04989","GADW","6/30/1988","52.08333 -106.08333"
"240","876-04990","GADW","6/30/1988","52.08333 -106.08333"
"241","876-04902","AMWI","8/4/1983","52.08333 -106.08333"
"242","876-04997","GADW","7/22/1988","52.08333 -106.08333"
"243","596-68116","GADW","7/2/1989","52.08333 -106.08333"
"244","596-68127","GADW","7/7/1989","52.08333 -106.08333"
"245","596-68130","GADW","7/11/1989","52.08333 -106.08333"
"246","596-68132","GADW","7/13/1989","52.08333 -106.08333"
"247","596-68126","GADW","7/6/1989","52.08333 -106.08333"
"248","596-68115","GADW","7/2/1989","52.08333 -106.08333"
"249","596-68129","GADW","7/8/1989","52.08333 -106.08333"
"250","596-68113","GADW","6/22/1989","52.08333 -106.08333"
"251","596-68168","GADW","6/25/1990","52.08333 -106.08333"
"252","596-68177","GADW","7/3/1990","52.08333 -106.08333"
"253","596-68176","GADW","7/1/1990","52.08333 -106.08333"
"254","596-68180","GADW","7/5/1990","52.08333 -106.08333"
"255","596-68183","GADW","7/5/1990","52.08333 -106.08333"
"256","596-68186","GADW","7/9/1990","52.08333 -106.08333"
"257","596-68187","GADW","7/9/1990","52.08333 -106.08333"
"258","596-68189","GADW","7/13/1990","52.08333 -106.08333"
"259","596-68188","GADW","7/10/1990","52.08333 -106.08333"
"260","596-68196","GADW","7/19/1990","52.08333 -106.08333"
"261","596-68198","GADW","8/10/1990","52.08333 -106.08333"
"262","596-68174","GADW","6/30/1990","52.08333 -106.08333"
"263","596-68167","GADW","6/3/1990","52.08333 -106.08333"
"264","596-68165","GADW","5/13/1990","52.08333 -106.08333"
"265","596-68169","GADW","6/27/1990","52.08333 -106.08333"
"266","596-68171","GADW","6/28/1990","52.08333 -106.08333"
"267","596-68175","GADW","6/30/1990","52.08333 -106.08333"
"268","896-62801","GADW","8/2/1990","52.08333 -106.08333"
"269","896-62896","GADW","6/28/1991","52.08333 -106.08333"
"270","896-62895","GADW","6/26/1991","52.08333 -106.08333"
"271","896-62898","GADW","7/6/1991","52.08333 -106.08333"
"272","896-75105","GADW","7/18/1991","52.25 -106.08333"
"273","896-75106","GADW","7/20/1991","52.25 -106.08333"
"274","896-75117","GADW","7/26/1991","52.25 -106.08333"
"275","896-75118","GADW","7/31/1991","52.25 -106.08333"
"276","896-75110","GADW","7/26/1991","52.25 -106.08333"
"277","896-75115","GADW","7/26/1991","52.25 -106.08333"
"278","896-75159","GADW","7/14/1992","52.08333 -106.08333"
"279","896-75157","GADW","7/10/1992","52.08333 -106.08333"
"280","896-75156","GADW","7/9/1992","52.08333 -106.08333"
"281","896-75153","GADW","7/9/1992","52.08333 -106.08333"
"282","896-75152","GADW","7/8/1992","52.08333 -106.08333"
"283","896-75145","GADW","7/3/1992","52.25 -106.08333"
"284","896-75146","GADW","6/30/1992","52.25 -106.08333"
"285","896-75144","GADW","6/26/1992","52.25 -106.08333"
"286","896-75168","GADW","8/7/1992","52.08333 -106.08333"
"287","896-75165","GADW","8/7/1992","52.08333 -106.08333"
"288","896-75167","GADW","8/7/1992","52.08333 -106.08333"
"289","896-75149","GADW","7/3/1992","52.25 -106.08333"
"290","896-75147","GADW","7/3/1992","52.25 -106.08333"
"291","896-75150","GADW","7/6/1992","52.25 -106.08333"
"292","896-75143","GADW","6/26/1992","52.25 -106.08333"
"293","896-75141","","",""
"294","896-75113","GADW","7/26/1991","52.25 -106.08333"
"295","896-75204","GADW","7/2/1993","52.08333 -106.08333"
"296","896-75207","GADW","6/16/1994","52.08333 -106.08333"
"297","896-75208","GADW","6/17/1994","52.08333 -106.08333"
"298","896-75209","GADW","6/23/1994","52.08333 -106.08333"
"299","896-75210","GADW","6/25/1994","52.08333 -106.08333"
"300","896-75211","GADW","6/27/1994","52.08333 -106.08333"
"301","896-75212","GADW","6/22/1994","52.08333 -106.08333"
"302","896-75215","GADW","7/1/1994","52.08333 -106.08333"
"303","896-75216","GADW","7/4/1994","52.08333 -106.08333"
"304","896-75217","GADW","7/8/1994","52.08333 -106.08333"
"305","896-75218","GADW","7/9/1994","52.08333 -106.08333"
"306","896-75219","GADW","7/10/1994","52.08333 -106.08333"
"307","896-75220","GADW","7/12/1994","52.08333 -106.08333"
"308","896-75221","GADW","7/13/1994","52.08333 -106.08333"
"309","896-75224","GADW","7/16/1994","52.08333 -106.08333"
"310","896-75225","GADW","7/17/1994","52.08333 -106.08333"
"311","896-75236","GADW","8/4/1994","52.08333 -106.08333"
"312","896-75237","GADW","8/4/1994","52.08333 -106.08333"
"313","896-75250","GADW","8/4/1994","52.08333 -106.08333"
"314","896-75266","GADW","8/10/1994","52.08333 -106.08333"
"315","896-75267","GADW","8/10/1994","52.08333 -106.08333"
"316","896-75263","GADW","8/10/1994","52.08333 -106.08333"
"317","896-75290","GADW","7/7/1995","52.08333 -106.08333"
"318","896-75296","GADW","7/14/1995","52.08333 -106.08333"
"319","896-75286","GADW","6/23/1995","52.08333 -106.08333"
"320","896-75288","GADW","7/6/1995","52.08333 -106.08333"
"321","896-75292","GADW","7/10/1995","52.08333 -106.08333"
"322","896-75291","GADW","7/9/1995","52.08333 -106.08333"
"323","896-75293","GADW","7/11/1995","52.08333 -106.08333"
"324","896-75294","GADW","7/13/1995","52.08333 -106.08333"
"325","896-75295","GADW","7/13/1995","52.08333 -106.08333"
"326","896-75299","GADW","7/16/1995","52.08333 -106.08333"
"327","896-75300","GADW","7/17/1995","52.08333 -106.08333"
"328","896-75303","GADW","7/25/1995","52.08333 -106.08333"
"329","896-75304","GADW","7/17/1995","52.08333 -106.08333"
"330","896-75305","GADW","7/18/1995","52.08333 -106.08333"
"331","896-75306","GADW","7/19/1995","52.08333 -106.08333"
"332","896-75307","GADW","7/21/1995","52.08333 -106.08333"
"333","896-75308","GADW","7/22/1995","52.08333 -106.08333"
"334","896-75309","GADW","7/25/1995","52.08333 -106.08333"
"335","896-75349","GADW","8/28/1995","52.08333 -106.08333"
"336","896-75351","GADW","8/31/1995","52.08333 -106.08333"
"337","686-13932","GADW","7/11/1995","52.08333 -106.08333"
"338","896-75287","GADW","7/5/1995","52.08333 -106.08333"
"339","686-13916","GADW","7/7/1992","52.25 -106.08333"
"340","686-13935","GADW","6/26/1996","52.08333 -106.08333"
"341","686-13937","GADW","7/9/1996","52.08333 -106.08333"
"342","686-13938","GADW","7/10/1996","52.08333 -106.08333"
"343","686-13939","GADW","7/10/1996","52.08333 -106.08333"
"344","686-13940","GADW","7/11/1996","52.08333 -106.08333"
"345","686-13941","GADW","7/12/1996","52.08333 -106.08333"
"346","686-13942","GADW","7/12/1996","52.08333 -106.08333"
"347","686-13943","GADW","7/12/1996","52.08333 -106.08333"
"348","686-13944","GADW","7/12/1996","52.08333 -106.08333"
"349","686-13945","GADW","7/14/1996","52.08333 -106.08333"
"350","686-13946","GADW","7/14/1996","52.08333 -106.08333"
"351","686-13947","GADW","7/14/1996","52.08333 -106.08333"
"352","686-13948","GADW","7/16/1996","52.08333 -106.08333"
"353","686-13949","GADW","7/18/1996","52.08333 -106.08333"
"354","686-13950","GADW","7/18/1996","52.08333 -106.08333"
"355","686-13952","GADW","7/18/1996","52.08333 -106.08333"
"356","686-13953","GADW","7/18/1996","52.08333 -106.08333"
"357","686-13954","GADW","7/18/1996","52.08333 -106.08333"
"358","686-13955","","",""
"359","686-13956","GADW","7/26/1996","52.08333 -106.08333"
"360","686-13957","GADW","7/27/1996","52.08333 -106.08333"
"361","686-13958","GADW","7/28/1996","52.08333 -106.08333"
"362","686-13959","GADW","8/28/1996","52.08333 -106.08333"
"363","686-13960","GADW","8/28/1996","52.08333 -106.08333"
"364","686-13961","GADW","8/28/1996","52.08333 -106.08333"
"365","686-13963","GADW","8/28/1996","52.08333 -106.08333"
"366","686-13965","GADW","8/28/1996","52.08333 -106.08333"
"367","1056-37162","GADW","7/12/2000","52.25 -106.08333"
"368","686-13971","GADW","8/31/1996","52.08333 -106.08333"
"369","686-13974","GADW","6/22/1997","52.08333 -106.08333"
"370","686-13981","GADW","6/28/1997","52.08333 -106.08333"
"371","686-13983","GADW","7/18/1994","52.08333 -106.08333"
"372","686-13984","GADW","7/2/1997","52.08333 -106.08333"
"373","686-13986","GADW","7/3/1997","52.08333 -106.08333"
"374","686-13987","GADW","7/4/1997","52.08333 -106.08333"
"375","686-13991","GADW","7/5/1997","52.08333 -106.08333"
"376","686-13992","GADW","7/5/1997","52.08333 -106.08333"
"377","686-13993","GADW","7/5/1997","52.08333 -106.08333"
"378","686-13994","GADW","7/5/1997","52.08333 -106.08333"
"379","686-13995","GADW","7/7/1997","52.08333 -106.08333"
"380","686-13997","GADW","7/7/1997","52.08333 -106.08333"
"381","686-13998","GADW","7/7/1997","52.08333 -106.08333"
"382","686-13999","GADW","7/8/1997","52.08333 -106.08333"
"383","686-14000","GADW","7/8/1997","52.08333 -106.08333"
"384","896-75163","GADW","8/7/1992","52.08333 -106.08333"
"385","896-75274","GADW","8/10/1994","52.08333 -106.08333"
"386","896-75297","GADW","7/14/1995","52.08333 -106.08333"
"387","896-75344","GADW","8/19/1995","52.08333 -106.08333"
"388","896-75345","GADW","8/23/1995","52.08333 -106.08333"
"389","896-75356","GADW","6/27/1996","52.08333 -106.08333"
"390","896-75359","GADW","6/29/1996","52.08333 -106.08333"
"391","896-75360","GADW","7/1/1996","52.08333 -106.08333"
"392","896-75361","GADW","7/2/1996","52.08333 -106.08333"
"393","896-75362","GADW","7/3/1996","52.08333 -106.08333"
"394","896-75363","GADW","7/3/1996","52.08333 -106.08333"
"395","896-75364","GADW","7/3/1996","52.08333 -106.08333"
"396","896-75365","","",""
"397","896-75366","GADW","7/6/1996","52.08333 -106.08333"
"398","896-75367","GADW","7/8/1996","52.08333 -106.08333"
"399","896-75368","GADW","7/9/1996","52.08333 -106.08333"
"400","896-75373","GADW","7/15/1996","52.08333 -106.08333"
"401","896-75378","GADW","7/29/1996","52.08333 -106.08333"
"402","896-75380","GADW","8/11/1996","52.08333 -106.08333"
"403","896-75381","GADW","8/16/1996","52.08333 -106.08333"
"404","896-75382","GADW","8/19/1996","52.08333 -106.08333"
"405","896-75393","GADW","8/28/1996","52.08333 -106.08333"
"406","896-75432","GADW","6/26/1998","52.08333 -106.08333"
"407","896-75433","GADW","7/2/1998","52.08333 -106.08333"
"408","896-75434","GADW","7/6/1998","52.08333 -106.08333"
"409","896-75435","GADW","7/10/1998","52.08333 -106.08333"
"410","896-75437","GADW","7/13/1998","52.08333 -106.08333"
"411","896-75438","GADW","7/13/1998","52.08333 -106.08333"
"412","896-75440","GADW","7/13/1998","52.08333 -106.08333"
"413","896-75444","GADW","7/16/1998","52.08333 -106.08333"
"414","896-75445","GADW","7/16/1998","52.08333 -106.08333"
"415","1016-61301","GADW","7/8/1997","52.08333 -106.08333"
"416","1016-61302","GADW","7/8/1997","52.08333 -106.08333"
"417","1016-61304","GADW","7/9/1997","52.08333 -106.08333"
"418","1016-61308","GADW","7/13/1997","52.08333 -106.08333"
"419","1016-61309","GADW","7/13/1997","52.08333 -106.08333"
"420","1016-61310","GADW","7/13/1997","52.08333 -106.08333"
"421","1016-61315","GADW","7/18/1997","52.08333 -106.08333"
"422","1016-61316","GADW","7/19/1997","52.08333 -106.08333"
"423","1016-61318","GADW","7/21/1997","52.08333 -106.08333"
"424","1016-61319","GADW","7/22/1997","52.08333 -106.08333"
"425","1016-61321","GADW","7/24/1997","52.08333 -106.08333"
"426","1016-61324","GADW","7/26/1997","52.08333 -106.08333"
"427","1016-61327","GADW","6/17/1998","52.08333 -106.08333"
"428","1016-61328","GADW","6/18/1998","52.08333 -106.08333"
"429","1016-61330","GADW","6/22/1998","52.08333 -106.08333"
"430","1016-61331","GADW","6/22/1998","52.08333 -106.08333"
"431","1016-61332","","",""
"432","1016-61334","GADW","6/24/1998","52.08333 -106.08333"
"433","1016-61337","GADW","6/25/1998","52.08333 -106.08333"
"434","1016-61338","GADW","6/26/1998","52.08333 -106.08333"
"435","1016-61340","GADW","6/29/1998","52.08333 -106.08333"
"436","1016-61342","GADW","7/3/1998","52.08333 -106.08333"
"437","1016-61343","GADW","7/3/1998","52.08333 -106.08333"
"438","1016-61344","GADW","7/3/1998","52.08333 -106.08333"
"439","1016-61345","GADW","7/6/1998","52.08333 -106.08333"
"440","1016-61349","GADW","7/8/1998","52.08333 -106.08333"
"441","1016-61350","GADW","7/8/1998","52.08333 -106.08333"
"442","1016-61353","GADW","7/9/1998","52.08333 -106.08333"
"443","1016-61354","GADW","7/9/1998","52.08333 -106.08333"
"444","1016-61355","GADW","7/9/1998","52.08333 -106.08333"
"445","1016-61357","GADW","7/10/1998","52.08333 -106.08333"
"446","1016-61359","GADW","7/13/1998","52.08333 -106.08333"
"447","1016-61360","GADW","7/13/1998","52.08333 -106.08333"
"448","1016-61361","GADW","7/13/1998","52.08333 -106.08333"
"449","1016-61362","GADW","7/13/1998","52.08333 -106.08333"
"450","1016-61364","GADW","7/13/1998","52.08333 -106.08333"
"451","1016-61366","GADW","7/14/1998","52.08333 -106.08333"
"452","1016-61368","GADW","7/14/1998","52.08333 -106.08333"
"453","1016-61371","GADW","7/16/1998","52.08333 -106.08333"
"454","1016-61372","GADW","7/16/1998","52.08333 -106.08333"
"455","1016-61377","GADW","7/22/1998","52.08333 -106.08333"
"456","1016-61378","GADW","7/22/1998","52.08333 -106.08333"
"457","1016-61379","GADW","7/23/1998","52.08333 -106.08333"
"458","1016-72003","GADW","7/6/1997","52.08333 -106.08333"
"459","1016-72004","GADW","7/6/1997","52.08333 -106.08333"
"460","1016-72005","GADW","7/6/1997","52.08333 -106.08333"
"461","1016-72007","GADW","7/10/1997","52.08333 -106.08333"
"462","1016-72008","GADW","7/10/1997","52.08333 -106.08333"
"463","1016-72009","GADW","7/11/1997","52.08333 -106.08333"
"464","1016-72011","GADW","7/16/1997","52.08333 -106.08333"
"465","1016-72012","GADW","7/16/1997","52.08333 -106.08333"
"466","596-68118","LESC","7/4/1989","52.08333 -106.08333"
"467","596-68119","LESC","7/5/1989","52.08333 -106.08333"
"468","596-68120","LESC","7/5/1989","52.08333 -106.08333"
"469","596-68121","LESC","7/5/1989","52.08333 -106.08333"
"470","596-68112","LESC","6/16/1989","52.08333 -106.08333"
"471","596-68123","LESC","7/5/1989","52.08333 -106.08333"
"472","596-68124","LESC","7/5/1989","52.08333 -106.08333"
"473","596-68133","LESC","7/19/1989","52.08333 -106.08333"
"474","596-68172","LESC","6/27/1990","52.08333 -106.08333"
"475","596-68173","LESC","6/27/1990","52.08333 -106.08333"
"476","596-68182","LESC","7/5/1990","52.08333 -106.08333"
"477","596-68184","LESC","7/8/1990","52.08333 -106.08333"
"478","596-68185","LESC","7/8/1990","52.08333 -106.08333"
"479","596-68190","LESC","7/16/1990","52.08333 -106.08333"
"480","596-68191","LESC","7/16/1990","52.08333 -106.08333"
"481","596-68192","LESC","7/16/1990","52.08333 -106.08333"
"482","596-68193","LESC","7/17/1990","52.08333 -106.08333"
"483","596-68197","LESC","7/20/1990","52.08333 -106.08333"
"484","896-62827","LESC","8/10/1990","52.08333 -106.08333"
"485","896-62833","LESC","8/15/1990","52.08333 -106.08333"
"486","896-62834","LESC","8/15/1990","52.08333 -106.08333"
"487","896-62835","LESC","8/15/1990","52.08333 -106.08333"
"488","896-62836","LESC","8/15/1990","52.08333 -106.08333"
"489","896-62837","LESC","8/15/1990","52.08333 -106.08333"
"490","896-62844","LESC","8/17/1990","52.08333 -106.08333"
"491","896-62846","LESC","8/20/1990","52.25 -106.08333"
"492","896-62864","LESC","8/23/1990","52.08333 -106.08333"
"493","896-62865","LESC","8/23/1990","52.08333 -106.08333"
"494","896-62869","LESC","8/23/1990","52.08333 -106.08333"
"495","896-62872","LESC","8/23/1990","52.08333 -106.08333"
"496","896-62873","LESC","8/23/1990","52.08333 -106.08333"
"497","896-62874","LESC","8/23/1990","52.08333 -106.08333"
"498","896-62877","LESC","8/23/1990","52.08333 -106.08333"
"499","896-62878","LESC","8/23/1990","52.08333 -106.08333"
"500","896-62879","LESC","8/23/1990","52.08333 -106.08333"
"501","896-62882","LESC","8/23/1990","52.08333 -106.08333"
"502","896-62883","LESC","8/23/1990","52.08333 -106.08333"
"503","896-62886","LESC","8/23/1990","52.08333 -106.08333"
"504","896-62899","LESC","7/8/1991","52.08333 -106.08333"
"505","896-62900","LESC","7/11/1991","52.08333 -106.08333"
"506","896-75101","LESC","7/14/1991","52.25 -106.08333"
"507","896-75102","LESC","7/14/1991","52.25 -106.08333"
"508","896-75103","LESC","7/15/1991","52.25 -106.08333"
"509","896-75104","LESC","7/18/1991","52.25 -106.08333"
"510","896-75107","LESC","7/22/1991","52.25 -106.08333"
"511","896-75129","LESC","8/9/1991","52.25 -106.08333"
"512","896-75131","LESC","8/9/1991","52.25 -106.08333"
"513","896-75142","LESC","6/22/1992","52.25 -106.08333"
"514","896-75151","LESC","7/7/1992","52.08333 -106.08333"
"515","896-75154","LESC","7/9/1992","52.08333 -106.08333"
"516","896-75158","LESC","7/14/1992","52.08333 -106.08333"
"517","896-75160","LESC","7/15/1992","52.08333 -106.08333"
"518","896-75161","LESC","7/23/1992","52.08333 -106.08333"
"519","896-75162","LESC","7/30/1992","52.08333 -106.08333"
"520","896-75175","LESC","8/7/1992","52.08333 -106.08333"
"521","896-75171","LESC","8/7/1992","52.08333 -106.08333"
"522","896-75138","LESC","9/9/1991","52.25 -106.08333"
"523","896-62850","LESC","8/23/1990","52.08333 -106.08333"
"524","896-62851","LESC","8/23/1990","52.08333 -106.08333"
"525","896-62852","LESC","8/23/1990","52.08333 -106.08333"
"526","896-62857","LESC","8/23/1990","52.08333 -106.08333"
"527","896-62858","LESC","8/23/1990","52.08333 -106.08333"
"528","896-62859","LESC","8/23/1990","52.08333 -106.08333"
"529","896-75755","","",""
"530","896-75174","LESC","8/7/1992","52.08333 -106.08333"
"531","896-75172","LESC","8/7/1992","52.08333 -106.08333"
"532","896-75176","LESC","8/7/1992","52.08333 -106.08333"
"533","896-75177","LESC","8/7/1992","52.08333 -106.08333"
"534","896-75178","LESC","8/7/1992","52.08333 -106.08333"
"535","896-75179","LESC","8/7/1992","52.08333 -106.08333"
"536","896-75173","LESC","8/7/1992","52.08333 -106.08333"
"537","896-75186","LESC","9/3/1992","52.08333 -106.08333"
"538","896-75187","LESC","9/3/1992","52.08333 -106.08333"
"539","896-75191","LESC","9/3/1992","52.08333 -106.08333"
"540","896-75192","LESC","9/3/1992","52.08333 -106.08333"
"541","896-75194","LESC","9/3/1992","52.08333 -106.08333"
"542","896-75197","LESC","9/3/1992","52.08333 -106.08333"
"543","896-75199","LESC","9/3/1992","52.08333 -106.08333"
"544","896-75200","LESC","9/3/1992","52.08333 -106.08333"
"545","896-62884","LESC","8/23/1990","52.08333 -106.08333"
"546","686-13933","LESC","7/17/1995","52.08333 -106.08333"
"547","986-13988","","",""
"548","686-13990","LESC","7/5/1997","52.08333 -106.08333"
"549","896-75202","LESC","6/16/1993","52.08333 -106.08333"
"550","896-75203","LESC","6/23/1993","52.08333 -106.08333"
"551","1016-61312","LESC","7/15/1997","52.08333 -106.08333"
"552","1016-61313","LESC","7/16/1997","52.08333 -106.08333"
"553","1016-61314","LESC","7/17/1997","52.08333 -106.08333"
"554","1016-61317","LESC","7/21/1997","52.08333 -106.08333"
"555","1016-61320","LESC","7/23/1997","52.08333 -106.08333"
"556","1016-61322","LESC","7/25/1997","52.08333 -106.08333"
"557","1016-61323","LESC","7/25/1997","52.08333 -106.08333"
"558","1016-61326","LESC","8/4/1997","52.08333 -106.08333"
"559","1016-01336","","",""
"560","1016-61339","LESC","6/29/1998","52.08333 -106.08333"
"561","1016-61347","LESC","7/8/1998","52.08333 -106.08333"
"562","1016-61348","LESC","7/8/1998","52.08333 -106.08333"
"563","1016-61351","LESC","7/9/1998","52.08333 -106.08333"
"564","1016-61352","LESC","7/9/1998","52.08333 -106.08333"
"565","1016-61356","LESC","7/10/1998","52.08333 -106.08333"
"566","1016-61365","LESC","7/14/1998","52.08333 -106.08333"
"567","1016-61370","LESC","7/15/1998","52.08333 -106.08333"
"568","1016-61375","LESC","7/22/1998","52.08333 -106.08333"
"569","1016-61376","LESC","7/22/1998","52.08333 -106.08333"
"570","1016-61380","LESC","7/28/1998","52.08333 -106.08333"
"571","1016-61382","LESC","7/29/1998","52.08333 -106.08333"
"572","1016-72006","LESC","7/8/1997","52.08333 -106.08333"
"573","896-75205","LESC","7/8/1993","52.08333 -106.08333"
"574","896-75214","LESC","6/27/1994","52.08333 -106.08333"
"575","896-75222","LESC","7/13/1994","52.08333 -106.08333"
"576","896-75223","LESC","7/16/1994","52.08333 -106.08333"
"577","896-75258","LESC","8/5/1994","52.08333 -106.08333"
"578","896-75276","LESC","8/10/1994","52.08333 -106.08333"
"579","896-75298","LESC","7/14/1995","52.08333 -106.08333"
"580","896-75352","LESC","9/1/1995","52.08333 -106.08333"
"581","896-75369","LESC","7/9/1996","52.08333 -106.08333"
"582","896-75371","LESC","8/9/1991","52.25 -106.08333"
"583","896-75372","LESC","7/12/1996","52.08333 -106.08333"
"584","896-75374","LESC","7/15/1996","52.08333 -106.08333"
"585","896-75375","LESC","7/15/1996","52.08333 -106.08333"
"586","896-75376","LESC","7/16/1996","52.08333 -106.08333"
"587","896-75377","LESC","7/18/1996","52.08333 -106.08333"
"588","896-75388","LESC","8/28/1996","52.08333 -106.08333"
"589","896-75436","LESC","7/10/1998","52.08333 -106.08333"
"590","896-75439","LESC","7/13/1998","52.08333 -106.08333"
"591","896-75442","LESC","7/15/1998","52.08333 -106.08333"
"592","896-75456","LESC","8/27/1998","52.08333 -106.08333"
"593","896-75461","LESC","8/27/1998","52.08333 -106.08333"
"594","896-75464","LESC","8/27/1998","52.08333 -106.08333"
"595","896-75465","LESC","8/27/1998","52.08333 -106.08333"
"596","896-75468","LESC","8/27/1998","52.08333 -106.08333"
"597","896-75473","LESC","9/14/1998","52.08333 -106.08333"
"598","896-75472","LESC","9/14/1998","52.08333 -106.08333"
"599","1016-61383","LESC","8/27/1998","52.08333 -106.08333"
"600","1016-61389","LESC","8/27/1998","52.08333 -106.08333"
"601","1016-61392","LESC","8/27/1998","52.08333 -106.08333"
"602","1016-61395","LESC","8/27/1998","52.08333 -106.08333"
"603","1016-72101","LESC","",""
"604","1016-72013","LESC","8/27/1998","52.08333 -106.08333"
"605","1016-72014","LESC","8/27/1998","52.08333 -106.08333"
"606","1016-72016","LESC","8/27/1998","52.08333 -106.08333"
"607","1016-72018","LESC","8/27/1998","52.08333 -106.08333"
"608","1016-72020","LESC","8/27/1998","52.08333 -106.08333"
"609","1016-72026","LESC","8/27/1998","52.08333 -106.08333"
"610","1016-72031","LESC","8/27/1998","52.08333 -106.08333"
"611","1016-91398","","",""
"612","985-06606","","",""
"613","1056-37108","LESC","6/30/1999","52.25 -106.08333"
"614","1056-37113","LESC","7/3/1999","52.25 -106.08333"
"615","1056-37116","LESC","7/5/1999","52.25 -106.08333"
"616","1056-37124","LESC","7/12/1999","52.25 -106.08333"
"617","1056-37126","LESC","7/14/1999","52.25 -106.08333"
"618","1056-37138","LESC","8/30/1999","52.25 -106.08333"
"619","1056-37161","","",""
"620","1056-37159","LESC","7/10/2000","52.25 -106.08333"
"621","1056-37157","LESC","7/5/2000","52.25 -106.08333"
"622","1056-37165","","",""
"623","1056-37171","LESC","7/25/2000","52.25 -106.08333"
"624","DONE","","",""
"625","1447-40124","MALL","8/26/1986","52.08333 -106.08333"
"626","1467-52310","MALL","5/27/1992","52.25 -106.08333"
"627","1467-52311","MALL","5/29/1992","52.25 -106.08333"
"628","1467-52314","MALL","6/20/1992","52.25 -106.08333"
"629","1467-52316","MALL","6/24/1992","52.25 -106.08333"
"630","1467-52317","MALL","7/3/1992","52.25 -106.08333"
"631","1467-52321","MALL","7/10/1992","52.25 -106.08333"
"632","1467-52322","MALL","7/10/1992","52.25 -106.08333"
"633","1107-16302","MALL","6/1/1992","52.25 -106.08333"
"634","1107-16303","MALL","6/7/1992","52.25 -106.08333"
"635","1107-16304","MALL","6/24/1992","52.25 -106.08333"
"636","1107-16305","MALL","6/26/1992","52.25 -106.08333"
"637","1107-16306","MALL","7/3/1992","52.25 -106.08333"
"638","1107-16307","MALL","7/3/1992","52.25 -106.08333"
"639","1107-16308","MALL","7/6/1992","52.25 -106.08333"
"640","1107-16309","MALL","7/13/1992","52.25 -106.08333"
"641","1107-16312","MALL","8/18/1992","52.25 -106.08333"
"642","1107-16320","MALL","6/10/1993","52.08333 -106.08333"
"643","1107-16321","MALL","7/8/1993","52.08333 -106.08333"
"644","1107-16322","MALL","7/13/1993","52.08333 -106.08333"
"645","1107-16323","MALL","5/24/1994","52.08333 -106.08333"
"646","1107-16324","MALL","5/26/1994","52.08333 -106.08333"
"647","1107-16325","MALL","5/26/1994","52.08333 -106.08333"
"648","1107-16326","MALL","6/3/1994","52.08333 -106.08333"
"649","1107-16327","MALL","6/10/1994","52.08333 -106.08333"
"650","1107-16328","MALL","6/21/1994","52.08333 -106.08333"
"651","1107-16329","MALL","6/22/1994","52.08333 -106.08333"
"652","1107-16330","MALL","7/7/1994","52.08333 -106.08333"
"653","1107-16331","MALL","7/9/1994","52.08333 -106.08333"
"654","1107-16332","","",""
"655","1107-16333","MALL","7/15/1994","52.08333 -106.08333"
"656","1107-16334","MALL","7/11/1994","52.08333 -106.08333"
"657","1107-16335","MALL","7/20/1994","50.41667 -104.41667"
"658","1107-16336","MALL","7/20/1994","52.08333 -106.08333"
"659","1107-16338","MALL","7/27/1994","52.08333 -106.08333"
"660","1107-16341","MALL","7/29/1994","52.08333 -106.08333"
"661","1107-16342","MALL","7/29/1994","52.08333 -106.08333"
"662","1107-16345","MALL","8/4/1994","52.08333 -106.08333"
"663","1107-16346","MALL","8/4/1994","52.08333 -106.08333"
"664","1107-16365","MALL","8/20/1994","52.08333 -106.08333"
"665","1107-16382","MALL","8/26/1994","52.08333 -106.08333"
"666","1107-16388","MALL","6/2/1995","52.08333 -106.08333"
"667","1107-16389","MALL","5/29/1995","52.08333 -106.08333"
"668","1107-16390","MALL","6/1/1995","52.08333 -106.08333"
"669","1107-16391","MALL","6/1/1995","52.08333 -106.08333"
"670","1107-16392","MALL","6/4/1995","52.08333 -106.08333"
"671","1107-16393","MALL","6/17/1995","52.08333 -106.08333"
"672","1107-16394","MALL","6/18/1995","52.08333 -106.08333"
"673","1107-16395","MALL","6/19/1995","52.08333 -106.08333"
"674","1107-16396","MALL","6/20/1995","52.08333 -106.08333"
"675","1107-16397","MALL","6/21/1995","52.08333 -106.08333"
"676","1107-16398","MALL","6/21/1995","52.08333 -106.08333"
"677","1107-16399","MALL","6/22/1995","52.08333 -106.08333"
"678","1107-16400","MALL","6/28/1995","52.08333 -106.08333"
"679","1107-16401","MALL","7/3/1995","52.08333 -106.08333"
"680","1107-16402","MALL","5/27/1995","52.08333 -106.08333"
"681","1107-16403","MALL","7/6/1995","52.08333 -106.08333"
"682","1107-16404","MALL","7/6/1995","52.08333 -106.08333"
"683","1107-16405","MALL","7/7/1995","52.08333 -106.08333"
"684","1107-16406","MALL","7/7/1995","52.08333 -106.08333"
"685","1107-16407","MALL","7/7/1995","52.08333 -106.08333"
"686","1107-16408","MALL","7/11/1995","52.08333 -106.08333"
"687","1107-16409","MALL","7/22/1995","52.08333 -106.08333"
"688","1107-16417","MALL","7/31/1995","52.08333 -106.08333"
"689","1107-16419","MALL","7/31/1995","52.08333 -106.08333"
"690","1107-16423","MALL","8/3/1995","52.08333 -106.08333"
"691","1107-16424","MALL","8/4/1995","52.08333 -106.08333"
"692","1107-16426","MALL","8/6/1995","52.08333 -106.08333"
"693","1107-16427","MALL","8/6/1995","52.08333 -106.08333"
"694","1107-16428","MALL","8/6/1995","52.08333 -106.08333"
"695","1107-16441","MALL","8/12/1995","52.08333 -106.08333"
"696","1107-16442","MALL","8/13/1995","52.08333 -106.08333"
"697","1107-16443","MALL","8/14/1995","52.08333 -106.08333"
"698","1107-16457","MALL","8/17/1995","52.08333 -106.08333"
"699","1107-16458","MALL","8/29/1995","52.08333 -106.08333"
"700","1107-16460","MALL","5/24/1996","52.08333 -106.08333"
"701","1107-16461","MALL","5/31/1996","52.08333 -106.08333"
"702","1107-16462","MALL","6/3/1996","52.08333 -106.08333"
"703","1107-16463","MALL","6/4/1996","52.08333 -106.08333"
"704","1107-16466","MALL","6/6/1996","52.08333 -106.08333"
"705","1107-16467","MALL","6/7/1996","52.08333 -106.08333"
"706","1107-16468","MALL","6/8/1996","52.08333 -106.08333"
"707","1107-16469","MALL","6/10/1996","52.08333 -106.08333"
"708","1107-16470","MALL","6/10/1996","52.08333 -106.08333"
"709","1107-16471","MALL","6/13/1996","52.08333 -106.08333"
"710","1107-16472","MALL","6/12/1996","52.08333 -106.08333"
"711","1107-16473","MALL","6/16/1996","52.08333 -106.08333"
"712","1107-16474","MALL","6/16/1996","52.08333 -106.08333"
"713","1107-16475","MALL","6/16/1996","52.08333 -106.08333"
"714","1107-16476","MALL","6/16/1996","52.08333 -106.08333"
"715","1107-16477","MALL","6/17/1996","52.08333 -106.08333"
"716","1107-16478","MALL","6/17/1996","52.08333 -106.08333"
"717","1107-16479","MALL","6/17/1996","52.08333 -106.08333"
"718","1107-16480","MALL","6/20/1996","52.08333 -106.08333"
"719","1107-16481","MALL","6/21/1996","52.08333 -106.08333"
"720","1107-16482","MALL","6/26/1996","52.08333 -106.08333"
"721","1107-16483","MALL","6/28/1996","52.08333 -106.08333"
"722","1107-16484","MALL","6/29/1996","52.08333 -106.08333"
"723","1107-16485","MALL","6/29/1996","52.08333 -106.08333"
"724","1107-16486","MALL","6/30/1996","52.08333 -106.08333"
"725","1107-16487","MALL","7/5/1996","52.08333 -106.08333"
"726","1107-16488","MALL","7/5/1996","52.08333 -106.08333"
"727","1107-16489","MALL","7/6/1996","52.08333 -106.08333"
"728","1107-16490","","",""
"729","1107-16491","MALL","7/11/1996","52.08333 -106.08333"
"730","1107-16492","MALL","7/11/1996","52.08333 -106.08333"
"731","1107-16493","MALL","7/11/1996","52.08333 -106.08333"
"732","1107-16494","MALL","7/12/1996","52.08333 -106.08333"
"733","1107-16495","MALL","7/17/1996","52.08333 -106.08333"
"734","1107-16496","MALL","7/18/1996","52.08333 -106.08333"
"735","1107-16497","MALL","7/18/1996","52.08333 -106.08333"
"736","1107-16498","MALL","7/19/1996","52.08333 -106.08333"
"737","1107-16499","MALL","7/21/1996","52.08333 -106.08333"
"738","1107-16500","MALL","7/25/1996","52.08333 -106.08333"
"739","1467-52326","","",""
"740","1467-52327","MALL","6/12/1996","52.08333 -106.08333"
"741","1467-52328","MALL","6/13/1996","52.08333 -106.08333"
"742","1467-52329","MALL","6/14/1996","52.08333 -106.08333"
"743","1467-52330","MALL","6/14/1996","52.08333 -106.08333"
"744","1467-52331","MALL","6/15/1996","52.08333 -106.08333"
"745","1467-52332","MALL","6/18/1996","52.08333 -106.08333"
"746","1467-52333","MALL","6/26/1996","52.08333 -106.08333"
"747","1467-52334","MALL","6/27/1996","52.08333 -106.08333"
"748","1467-52335","MALL","7/1/1996","52.08333 -106.08333"
"749","1467-52336","MALL","7/1/1996","52.08333 -106.08333"
"750","1467-52337","MALL","7/1/1996","52.08333 -106.08333"
"751","1467-52338","MALL","7/3/1996","52.08333 -106.08333"
"752","1467-52339","MALL","7/3/1996","52.08333 -106.08333"
"753","1467-52340","MALL","7/8/1996","52.08333 -106.08333"
"754","1467-52341","MALL","7/8/1996","52.08333 -106.08333"
"755","1467-52342","MALL","7/14/1996","52.08333 -106.08333"
"756","1467-52343","MALL","7/28/1996","52.08333 -106.08333"
"757","1467-52344","MALL","7/28/1996","52.08333 -106.08333"
"758","1467-52346","MALL","8/24/1996","52.08333 -106.08333"
"759","1467-52352","MALL","6/11/1997","52.08333 -106.08333"
"760","1467-52361","MALL","6/25/1996","52.08333 -106.08333"
"761","2367-85801","MALL","7/30/1996","52.08333 -106.08333"
"762","2367-85802","MALL","8/2/1996","52.08333 -106.08333"
"763","2367-85804","MALL","8/16/1996","52.08333 -106.08333"
"764","2367-85809","MALL","8/26/1996","52.08333 -106.08333"
"765","2367-85815","MALL","8/26/1996","52.08333 -106.08333"
"766","2367-85816","MALL","8/26/1996","52.08333 -106.08333"
"767","2367-85818","MALL","8/29/1996","52.08333 -106.08333"
"768","2367-85822","MALL","8/31/1996","52.08333 -106.08333"
"769","2367-85827","","",""
"770","2367-85837","MALL","9/2/1996","52.08333 -106.08333"
"771","1467-52354","MALL","6/24/1997","52.08333 -106.08333"
"772","1467-52355","MALL","6/24/1997","52.08333 -106.08333"
"773","1467-52356","MALL","6/28/1997","52.08333 -106.08333"
"774","1467-52357","MALL","7/8/1997","52.08333 -106.08333"
"775","1467-52358","MALL","7/8/1997","52.08333 -106.08333"
"776","1467-52359","MALL","7/9/1997","52.08333 -106.08333"
"777","1467-52360","MALL","7/9/1997","52.08333 -106.08333"
"778","1467-52362","MALL","7/16/1997","52.08333 -106.08333"
"779","1467-52363","MALL","7/16/1997","52.08333 -106.08333"
"780","1467-52364","MALL","7/16/1997","52.08333 -106.08333"
"781","2367-85838","MALL","5/27/1997","52.08333 -106.08333"
"782","2367-85839","MALL","5/27/1997","52.08333 -106.08333"
"783","2367-85840","MALL","5/27/1997","52.08333 -106.08333"
"784","2367-85841","MALL","5/27/1997","52.08333 -106.08333"
"785","2367-85842","MALL","5/28/1997","52.08333 -106.08333"
"786","2367-85843","MALL","5/28/1997","52.08333 -106.08333"
"787","2367-85844","MALL","5/28/1997","52.08333 -106.08333"
"788","2367-85845","MALL","5/30/1997","52.08333 -106.08333"
"789","2367-85846","MALL","5/30/1997","52.08333 -106.08333"
"790","2367-85847","MALL","5/30/1997","52.08333 -106.08333"
"791","2367-85848","MALL","5/31/1997","52.08333 -106.08333"
"792","2367-85849","MALL","5/31/1997","52.08333 -106.08333"
"793","2367-85850","MALL","6/2/1997","52.08333 -106.08333"
"794","2367-85851","MALL","6/2/1997","52.08333 -106.08333"
"795","2367-85852","MALL","6/2/1997","52.08333 -106.08333"
"796","2367-85853","MALL","6/2/1997","52.08333 -106.08333"
"797","2367-85854","MALL","6/3/1997","52.08333 -106.08333"
"798","2367-85855","MALL","6/3/1997","52.08333 -106.08333"
"799","2367-85856","MALL","6/3/1997","52.08333 -106.08333"
"800","2367-85857","MALL","6/5/1997","52.08333 -106.08333"
"801","2367-85858","MALL","6/7/1997","52.08333 -106.08333"
"802","2367-85859","MALL","6/7/1997","52.08333 -106.08333"
"803","2367-85860","MALL","6/7/1997","52.08333 -106.08333"
"804","2367-85861","MALL","6/7/1997","52.08333 -106.08333"
"805","2367-85862","MALL","6/8/1997","52.08333 -106.08333"
"806","2367-85863","MALL","6/10/1997","52.08333 -106.08333"
"807","2367-85864","MALL","6/12/1997","52.08333 -106.08333"
"808","2367-85865","MALL","6/12/1997","52.08333 -106.08333"
"809","2367-85866","MALL","6/14/1997","52.08333 -106.08333"
"810","2367-85867","MALL","6/14/1997","52.08333 -106.08333"
"811","2367-85868","MALL","6/14/1997","52.08333 -106.08333"
"812","2367-85869","MALL","6/17/1997","52.08333 -106.08333"
"813","2367-85870","MALL","6/22/1997","52.08333 -106.08333"
"814","2367-85871","MALL","6/16/1997","52.08333 -106.08333"
"815","2367-85872","MALL","6/16/1997","52.08333 -106.08333"
"816","2367-85873","MALL","6/23/1997","52.08333 -106.08333"
"817","2367-85874","MALL","6/24/1997","52.08333 -106.08333"
"818","2367-85875","MALL","6/24/1997","52.08333 -106.08333"
"819","2367-85876","MALL","6/25/1997","52.08333 -106.08333"
"820","2367-85877","MALL","6/27/1997","52.08333 -106.08333"
"821","2367-85878","MALL","6/27/1997","52.08333 -106.08333"
"822","2367-85879","MALL","6/30/1997","52.08333 -106.08333"
"823","2367-85880","MALL","6/30/1997","52.08333 -106.08333"
"824","2367-85881","MALL","7/6/1997","52.08333 -106.08333"
"825","2367-85882","MALL","7/8/1997","52.08333 -106.08333"
"826","2367-85883","MALL","7/8/1997","52.08333 -106.08333"
"827","2367-85884","MALL","7/11/1997","52.08333 -106.08333"
"828","2367-85885","MALL","7/12/1997","52.08333 -106.08333"
"829","2367-85886","MALL","7/12/1997","52.08333 -106.08333"
"830","2367-85887","MALL","7/15/1997","52.08333 -106.08333"
"831","2367-85888","MALL","7/15/1997","52.08333 -106.08333"
"832","2367-85889","MALL","7/17/1997","52.08333 -106.08333"
"833","2367-85890","MALL","7/18/1997","52.08333 -106.08333"
"834","2367-85891","MALL","7/20/1997","52.08333 -106.08333"
"835","2367-85892","MALL","7/21/1997","52.08333 -106.08333"
"836","2367-85893","MALL","7/22/1997","52.08333 -106.08333"
"837","2367-85894","MALL","7/22/1997","52.08333 -106.08333"
"838","2367-85895","MALL","7/24/1997","52.08333 -106.08333"
"839","2367-85896","MALL","7/24/1997","52.08333 -106.08333"
"840","2367-85897","MALL","8/6/1997","52.08333 -106.08333"
"841","2367-85898","MALL","5/26/1998","52.08333 -106.08333"
"842","2367-85900","MALL","6/23/1998","52.08333 -106.08333"
"843","1467-52365","MALL","5/25/1998","52.08333 -106.08333"
"844","1467-52366","MALL","6/11/1998","52.08333 -106.08333"
"845","1467-52367","MALL","6/12/1998","52.08333 -106.08333"
"846","1467-52368","MALL","6/15/1998","52.08333 -106.08333"
"847","1467-52369","MALL","6/16/1998","52.08333 -106.08333"
"848","1467-52370","MALL","6/18/1998","52.08333 -106.08333"
"849","1467-52371","MALL","6/22/1998","52.08333 -106.08333"
"850","1467-52372","MALL","6/24/1998","52.08333 -106.08333"
"851","1467-52373","MALL","6/24/1998","52.08333 -106.08333"
"852","1467-52374","MALL","6/24/1998","52.08333 -106.08333"
"853","1467-52375","MALL","6/24/1998","52.08333 -106.08333"
"854","1467-52376","MALL","6/29/1998","52.08333 -106.08333"
"855","1467-52377","MALL","6/29/1998","52.08333 -106.08333"
"856","1467-52378","MALL","6/30/1998","52.08333 -106.08333"
"857","1467-52379","MALL","6/30/1998","52.08333 -106.08333"
"858","1467-52380","MALL","7/6/1998","52.08333 -106.08333"
"859","1467-52381","MALL","7/6/1998","52.08333 -106.08333"
"860","1467-52382","MALL","7/8/1998","52.08333 -106.08333"
"861","1467-52383","MALL","7/9/1998","52.08333 -106.08333"
"862","1467-52384","MALL","7/9/1998","52.08333 -106.08333"
"863","1467-52385","MALL","7/9/1998","52.08333 -106.08333"
"864","1467-52386","MALL","7/19/1998","52.08333 -106.08333"
"865","2367-85605","MALL","7/6/1998","52.08333 -106.08333"
"866","2367-85606","MALL","7/7/1998","52.08333 -106.08333"
"867","2367-85607","MALL","7/7/1998","52.08333 -106.08333"
"868","2367-85608","MALL","7/7/1998","52.08333 -106.08333"
"869","2367-85609","MALL","7/9/1998","52.08333 -106.08333"
"870","2367-85610","MALL","7/14/1998","52.08333 -106.08333"
"871","2367-85611","MALL","7/15/1998","52.08333 -106.08333"
"872","2367-85731","","",""
"873","2367-85732","","",""
"874","2437-54001","MALL","6/2/1999","52.25 -106.08333"
"875","2437-54002","MALL","6/3/1999","52.25 -106.08333"
"876","2437-54003","MALL","6/22/1999","52.25 -106.08333"
"877","2437-54004","MALL","6/23/1999","52.25 -106.08333"
"878","2437-54005","MALL","6/23/1999","52.25 -106.08333"
"879","2437-54006","MALL","6/23/1999","52.25 -106.08333"
"880","2437-54007","MALL","6/24/1999","52.25 -106.08333"
"881","2437-54008","MALL","6/24/1999","52.25 -106.08333"
"882","2437-54009","MALL","6/28/1999","52.25 -106.08333"
"883","2437-54010","MALL","7/3/1999","52.25 -106.08333"
"884","2437-54011","MALL","7/5/1999","52.25 -106.08333"
"885","2437-54012","MALL","7/5/1999","52.25 -106.08333"
"886","2437-54013","MALL","7/5/1999","52.25 -106.08333"
"887","2437-54014","MALL","7/5/1999","52.25 -106.08333"
"888","2437-54015","MALL","7/5/1999","52.25 -106.08333"
"889","2437-54016","MALL","7/7/1999","52.25 -106.08333"
"890","2437-54017","MALL","7/9/1999","52.25 -106.08333"
"891","2437-54018","MALL","7/16/1999","52.25 -106.08333"
"892","2437-54019","MALL","7/21/1999","52.25 -106.08333"
"893","2437-54020","MALL","7/21/1999","52.25 -106.08333"
"894","2437-54021","MALL","7/28/1999","52.25 -106.08333"
"895","1617-93801","MALL","5/23/2000","52.25 -106.08333"
"896","1617-93802","MALL","5/26/2000","52.25 -106.08333"
"897","1617-93803","MALL","6/5/2000","52.25 -106.08333"
"898","1617-93804","MALL","6/7/2000","52.25 -106.08333"
"899","1617-93805","MALL","6/12/2000","52.25 -106.08333"
"900","1617-93808","MALL","7/11/2000","52.25 -106.08333"
"901","2437-54023","MALL","6/12/2000","52.25 -106.08333"
"902","1617-93806","MALL","6/28/2000","52.25 -106.08333"
"903","1617-93807","MALL","7/12/2000","52.25 -106.08333"
"904","1617-93809","MALL","7/27/2000","52.25 -106.08333"
"905","1237-28506","MALL","5/5/1982","52.08333 -106.08333"
"906","1237-28514","MALL","5/19/1982","52.08333 -106.08333"
"907","1237-28515","MALL","5/19/1982","52.08333 -106.08333"
"908","1237-28516","MALL","5/19/1982","52.08333 -106.08333"
"909","1237-28517","MALL","5/19/1982","52.08333 -106.08333"
"910","1237-28518","MALL","5/19/1982","52.08333 -106.08333"
"911","1237-28519","MALL","5/19/1982","52.08333 -106.08333"
"912","1237-28520","MALL","5/19/1982","52.08333 -106.08333"
"913","1237-28521","MALL","5/20/1982","52.08333 -106.08333"
"914","1237-28522","MALL","5/20/1982","52.08333 -106.08333"
"915","1237-28526","MALL","5/22/1982","52.08333 -106.08333"
"916","1237-28528","MALL","5/22/1982","52.08333 -106.08333"
"917","1237-28538","MALL","5/25/1982","52.08333 -106.08333"
"918","1237-28554","MALL","5/28/1982","52.08333 -106.08333"
"919","1237-28581","MALL","6/2/1982","52.08333 -106.08333"
"920","1357-20101","MALL","6/7/1982","52.08333 -106.08333"
"921","1357-20110","MALL","6/9/1982","52.08333 -106.08333"
"922","1357-20116","MALL","6/10/1982","52.08333 -106.08333"
"923","1357-20117","MALL","6/10/1982","52.08333 -106.08333"
"924","1357-20118","MALL","6/10/1982","52.08333 -106.08333"
"925","1357-20122","MALL","6/11/1982","52.08333 -106.08333"
"926","1357-20123","MALL","6/11/1982","52.08333 -106.08333"
"927","1357-20125","MALL","6/12/1982","52.08333 -106.08333"
"928","1357-20129","MALL","6/13/1982","52.08333 -106.08333"
"929","1357-20130","MALL","6/13/1982","52.08333 -106.08333"
"930","1357-20132","MALL","6/15/1982","52.08333 -106.08333"
"931","1357-20133","MALL","6/15/1982","52.08333 -106.08333"
"932","1357-20136","MALL","6/17/1982","52.08333 -106.08333"
"933","1357-20139","MALL","6/18/1982","52.08333 -106.08333"
"934","1357-20141","MALL","6/23/1982","52.08333 -106.08333"
"935","1357-20143","MALL","6/29/1982","52.08333 -106.08333"
"936","1357-20145","MALL","7/10/1982","52.08333 -106.08333"
"937","1357-20146","MALL","7/10/1982","52.08333 -106.08333"
"938","1357-20169","MALL","5/3/1983","52.08333 -106.08333"
"939","1357-20175","MALL","5/3/1983","52.08333 -106.08333"
"940","1357-20177","MALL","5/3/1983","52.08333 -106.08333"
"941","1357-20181","MALL","5/4/1983","52.08333 -106.08333"
"942","1357-20197","MALL","5/5/1983","52.08333 -106.08333"
"943","1237-46495","MALL","6/1/1983","52.08333 -106.08333"
"944","1237-46496","MALL","6/1/1983","52.08333 -106.08333"
"945","1167-44221","MALL","6/3/1983","52.08333 -106.08333"
"946","1167-44230","MALL","6/7/1983","52.08333 -106.08333"
"947","1167-44245","MALL","6/8/1983","52.08333 -106.08333"
"948","1167-44258","MALL","6/9/1983","52.08333 -106.08333"
"949","1167-44271","MALL","6/14/1983","52.08333 -106.08333"
"950","1167-44273","MALL","6/14/1983","52.08333 -106.08333"
"951","1167-44293","MALL","7/7/1983","52.08333 -106.08333"
"952","1167-44294","MALL","7/12/1983","52.08333 -106.08333"
"953","1167-44295","MALL","7/13/1983","52.08333 -106.08333"
"954","1167-44296","MALL","7/18/1983","52.08333 -106.08333"
"955","1337-44601","MALL","8/5/1983","52.08333 -106.08333"
"956","1337-44604","MALL","4/14/1984","52.08333 -106.08333"
"957","1337-44610","MALL","4/16/1984","52.08333 -106.08333"
"958","1337-44658","MALL","5/3/1984","52.08333 -106.08333"
"959","1337-44673","MALL","5/9/1984","52.08333 -106.08333"
"960","1337-44685","MALL","5/14/1984","52.08333 -106.08333"
"961","1337-44686","MALL","5/14/1984","52.08333 -106.08333"
"962","1337-44700","MALL","5/22/1984","52.08333 -106.08333"
"963","1337-44728","MALL","5/30/1984","52.08333 -106.08333"
"964","1337-44733","MALL","6/4/1984","52.08333 -106.08333"
"965","1337-44734","MALL","6/4/1984","52.08333 -106.08333"
"966","1337-44746","MALL","6/11/1984","52.08333 -106.08333"
"967","1337-44751","MALL","6/25/1984","52.08333 -106.08333"
"968","1337-44752","MALL","7/11/1984","52.08333 -106.08333"
"969","1337-44755","MALL","7/11/1984","52.08333 -106.08333"
"970","1337-44760","MALL","7/18/1984","52.08333 -106.08333"
"971","1337-44761","MALL","7/18/1984","52.08333 -106.08333"
"972","1337-44762","MALL","7/18/1984","52.08333 -106.08333"
"973","1337-44763","MALL","7/18/1984","52.08333 -106.08333"
"974","1337-44765","MALL","7/24/1984","52.08333 -106.08333"
"975","1337-44770","MALL","7/24/1984","52.08333 -106.08333"
"976","1337-44771","MALL","7/24/1984","52.08333 -106.08333"
"977","1337-44773","MALL","7/24/1984","52.08333 -106.08333"
"978","1337-44774","MALL","8/2/1984","52.08333 -106.08333"
"979","1337-44777","MALL","8/2/1984","52.08333 -106.08333"
"980","1337-44786","MALL","8/8/1984","52.08333 -106.08333"
"981","1337-44787","MALL","8/8/1984","52.08333 -106.08333"
"982","1337-44790","MALL","8/8/1984","52.08333 -106.08333"
"983","1337-44791","MALL","8/8/1984","52.08333 -106.08333"
"984","1337-44796","MALL","8/14/1984","52.08333 -106.08333"
"985","1337-44775","MALL","8/2/1984","52.08333 -106.08333"
"986","1337-44800","MALL","8/17/1984","52.08333 -106.08333"
"987","1337-44805","MALL","8/17/1984","52.08333 -106.08333"
"988","1337-44807","MALL","8/28/1984","52.08333 -106.08333"
"989","1337-44818","MALL","4/30/1985","52.25 -106.08333"
"990","1337-44555","MALL","5/28/1985","52.25 -106.08333"
"991","1337-44566","MALL","6/1/1985","52.25 -106.08333"
"992","1337-44567","MALL","6/6/1985","52.25 -106.08333"
"993","1337-44568","MALL","6/8/1985","52.25 -106.08333"
"994","1337-44569","MALL","6/9/1985","52.25 -106.08333"
"995","1337-44570","MALL","6/9/1985","52.25 -106.08333"
"996","1337-44571","MALL","6/19/1985","52.25 -106.08333"
"997","1337-44572","MALL","6/21/1985","52.25 -106.08333"
"998","1337-44573","MALL","6/21/1985","52.25 -106.08333"
"999","1337-44574","MALL","7/15/1985","52.25 -106.08333"
"1000","1337-44575","MALL","7/15/1985","52.25 -106.08333"
"1001","1337-44580","MALL","8/26/1985","52.25 -106.08333"
"1002","1337-44581","MALL","8/26/1985","52.25 -106.08333"
"1003","1337-44582","MALL","8/26/1985","52.25 -106.08333"
"1004","1337-44584","MALL","8/26/1985","52.25 -106.08333"
"1005","1337-44951 ","MALL","5/27/1986","52.08333 -106.08333"
"1006","1337-44953","MALL","5/29/1986","52.08333 -106.08333"
"1007","1337-44956 ","MALL","5/29/1986","52.08333 -106.08333"
"1008","1337-44957","MALL","5/29/1986","52.08333 -106.08333"
"1009","1337-44975","MALL","6/4/1986","52.08333 -106.08333"
"1010","1337-44980 ","MALL","6/5/1986","52.08333 -106.08333"
"1011","1337-44993","MALL","6/8/1986","52.08333 -106.08333"
"1012","1337-44995","MALL","6/17/1986","52.08333 -106.08333"
"1013","1337-44996","MALL","6/17/1986","52.08333 -106.08333"
"1014","1337-44999","MALL","6/24/1986","52.08333 -106.08333"
"1015","1337-45000","MALL","6/25/1986","52.08333 -106.08333"
"1016","1447-40101","MALL","7/8/1986","52.08333 -106.08333"
"1017","1447-40103","MALL","7/11/1986","52.08333 -106.08333"
"1018","1447-40104","MALL","7/16/1986","52.08333 -106.08333"
"1019","1447-40107","MALL","7/29/1986","52.08333 -106.08333"
"1020","1447-40108","MALL","7/29/1986","52.08333 -106.08333"
"1021","1447-40110","MALL","8/17/1986","52.08333 -106.08333"
"1022","1447-40129 ","MALL","4/18/1987","52.08333 -106.08333"
"1023","1447-40131 ","MALL","4/21/1987","52.08333 -106.08333"
"1024","1447-40145","MALL","4/25/1987","52.08333 -106.08333"
"1025","1447-40148","MALL","4/25/1987","52.08333 -106.08333"
"1026","1447-40164","MALL","5/10/1987","52.08333 -106.08333"
"1027","1447-40160","MALL","5/18/1987","52.08333 -106.08333"
"1028","1447--40183","MALL","5/22/1987","52.08333 -106.08333"
"1029","1447--40184","MALL","5/23/1987","52.08333 -106.08333"
"1030","1447--40191","MALL","5/23/1987","52.08333 -106.08333"
"1031","1447--40192","MALL","5/25/1987","52.08333 -106.08333"
"1032","1447-40180","MALL","6/6/1987","52.08333 -106.08333"
"1033","1447-40201","MALL","6/17/1987","52.08333 -106.08333"
"1034","1447-40202","MALL","6/26/1987","52.08333 -106.08333"
"1035","1447-40203 ","MALL","6/26/1987","52.08333 -106.08333"
"1036","1447-40204","MALL","6/29/1987","52.08333 -106.08333"
"1037","1447-40205","MALL","7/2/1987","52.08333 -106.08333"
"1038","1447-40206 ","MALL","7/3/1987","52.08333 -106.08333"
"1039","1447-40207 ","MALL","7/8/1987","52.08333 -106.08333"
"1040","1447-40208 ","MALL","7/13/1987","52.08333 -106.08333"
"1041","1447-40209 ","MALL","7/13/1987","52.08333 -106.08333"
"1042","1447-40212 ","MALL","7/16/1987","52.08333 -106.08333"
"1043","1447-40218 ","MALL","7/16/1987","52.08333 -106.08333"
"1044","1447-40219","MALL","7/16/1987","52.08333 -106.08333"
"1045","1447-40241","MALL","4/21/1988","52.08333 -106.08333"
"1046","1447-40120","MALL","8/21/1986","52.08333 -106.08333"
"1047","1447-40251","MALL","4/23/1988","52.08333 -106.08333"
"1048","1447-40211","MALL","7/16/1987","52.08333 -106.08333"
"1049","1447-40257","MALL","4/28/1988","52.08333 -106.08333"
"1050","1447-40265","MALL","5/1/1988","52.08333 -106.08333"
"1051","1447-40278","MALL","5/5/1988","52.08333 -106.08333"
"1052","1447-40128","MALL","8/31/1986","52.08333 -106.08333"
"1053","1447-40289","MALL","5/9/1988","52.08333 -106.08333"
"1054","1447-40295","MALL","5/10/1988","52.08333 -106.08333"
"1055","1447-40308","MALL","5/19/1988","52.08333 -106.08333"
"1056","1447-40313","MALL","5/19/1988","52.08333 -106.08333"
"1057","1447-40174","MALL","5/19/1987","52.08333 -106.08333"
"1058","1447-40331","MALL","6/23/1988","52.08333 -106.08333"
"1059","1447-40332","MALL","6/23/1988","52.08333 -106.08333"
"1060","1447-40373","MALL","8/19/1988","52.08333 -106.08333"
"1061","1447-40412","MALL","5/30/1989","52.08333 -106.08333"
"1062","1447-40416","MALL","6/13/1989","52.08333 -106.08333"
"1063","1447-40417","MALL","6/12/1989","52.08333 -106.08333"
"1064","1447-40418","MALL","6/12/1989","52.08333 -106.08333"
"1065","1447-40419","MALL","6/28/1989","52.08333 -106.08333"
"1066","1447-40420","MALL","6/27/1989","52.08333 -106.08333"
"1067","1447-40425","MALL","8/3/1989","52.08333 -106.08333"
"1068","1447-40427","MALL","8/3/1989","52.08333 -106.08333"
"1069","1447-40361","MALL","8/11/1988","52.08333 -106.08333"
"1070","1467-52216","MALL","6/5/1990","52.08333 -106.08333"
"1071","1467-52217","MALL","6/7/1990","52.08333 -106.08333"
"1072","1467-52219","MALL","6/7/1990","52.08333 -106.08333"
"1073","1467-52220","MALL","6/11/1990","52.08333 -106.08333"
"1074","1467-52221","MALL","6/11/1990","52.08333 -106.08333"
"1075","1467-52222","MALL","6/11/1990","52.08333 -106.08333"
"1076","1467-52223","MALL","6/11/1990","52.08333 -106.08333"
"1077","1467-52224","MALL","6/22/1990","52.08333 -106.08333"
"1078","1467-52225 ","MALL","6/25/1990","52.08333 -106.08333"
"1079","1467-52226","MALL","6/27/1990","52.08333 -106.08333"
"1080","1467-52227","MALL","6/28/1990","52.08333 -106.08333"
"1081","1467-52228","MALL","7/2/1990","52.08333 -106.08333"
"1082","1467-52229","MALL","7/13/1990","52.08333 -106.08333"
"1083","1467-52230","MALL","7/14/1990","52.08333 -106.08333"
"1084","1467-52233","MALL","8/2/1990","52.08333 -106.08333"
"1085","1467-52237","MALL","8/3/1990","52.08333 -106.08333"
"1086","1467-52409","MALL","5/6/1991","52.25 -106.08333"
"1087","1467-52472","MALL","6/13/1991","52.25 -106.08333"
"1088","1467-52446","MALL","5/24/1991","52.25 -106.08333"
"1089","1467-52419","MALL","5/10/1991","52.25 -106.08333"
"1090","1467-52465","MALL","6/5/1991","52.25 -106.08333"
"1091","1467-52243","MALL","8/24/1990","52.08333 -106.08333"
"1092","1467-52271","MALL","10/16/1990","52.08333 -106.75"
"1093","1467-52298","MALL","4/26/1991","52.08333 -106.08333"
"1094","1467-52473","MALL","6/14/1991","52.25 -106.08333"
"1095","1467-52476","MALL","7/4/1991","52.25 -106.08333"
"1096","1467-52477","MALL","7/5/1991","52.25 -106.08333"
"1097","1467-52474","MALL","6/17/1991","52.25 -106.08333"
"1098","1467-52475","MALL","6/18/1991","52.25 -106.08333"
"1099","1467-52482","MALL","7/22/1991","52.25 -106.08333"
"1100","1467-52480","MALL","7/18/1991","52.25 -106.08333"
"1101","1467-52478","MALL","7/18/1991","52.25 -106.08333"
"1102","1467-52481","MALL","7/18/1991","52.25 -106.08333"
"1103","686-13981","","6/28/1997","52.08333 -106.08333"
"1104","896-75266","","8/10/1994","52.08333 -106.08333"
"1105","896-75274","","8/10/1994","52.08333 -106.08333"
"1106","896-75299","","7/16/1995","52.08333 -106.08333"
"1107","1107-16336","","7/20/1994","52.08333 -106.08333"
"1108","2367-85881","","7/6/1997","52.08333 -106.08333"
"1109","1107-16329","","6/22/1994","52.08333 -106.08333"
"1110","1467-52311","","5/29/1992","52.25 -106.08333"
"1111","1107-16326","","6/3/1994","52.08333 -106.08333"
"1112",NA,"","",""
"1113","1107-16341","","7/29/1994","52.08333 -106.08333"
"1114","1107-16330","","7/7/1994","52.08333 -106.08333"
"1115","1447-40124","","8/26/1986","52.08333 -106.08333"
"1116","1107-16332","","-",""
"1117","1107-16334","","7/11/1994","52.08333 -106.08333"
"1118","1107-16325","","5/26/1994","52.08333 -106.08333"
"1119","1107-16333","","7/15/1994","52.08333 -106.08333"
"1120","1467-52317","","7/3/1992","52.25 -106.08333"
"1121","1107-16402","","5/27/1995","52.08333 -106.08333"
"1122","1107-16404","","7/6/1995","52.08333 -106.08333"
"1123","1107-16397","","6/21/1995","52.08333 -106.08333"
"1124","1107-16388","","6/2/1995","52.08333 -106.08333"
"1125","1107-16396","","6/20/1995","52.08333 -106.08333"
"1126","1107-16395","","6/19/1995","52.08333 -106.08333"
"1127","1107-16401","","7/3/1995","52.08333 -106.08333"
"1128","1107-16394","","6/18/1995","52.08333 -106.08333"
"1129","","","",""
"1130","Comments:","","",""
"1131","very long page in front, not sure if it's radiotagging or brood observation data","","",""
"1132","a lot of pages similar to very long page ","","",""
"1133","lots of looseleaf papers in pockets in front and in back of binder","","",""
"1134","majority of pages are follow-ups, repeating data in radiotagging section but different data in brood observation section","","",""
"1135","1107-16461","","5/31/1996","52.08333 -106.08333"
"1136","896-75286","","6/23/1995","52.08333 -106.08333"
"1137","1467-52361","","6/25/1996","52.08333 -106.08333"
"1138","1107-16327","","6/10/1994","52.08333 -106.08333"
"1139","1107-16481","","6/21/1996","52.08333 -106.08333"
"1140","1107-16389","","5/29/1995","52.08333 -106.08333"
"1141","896-75208","","6/17/1994","52.08333 -106.08333"
"1142","896-75356","","6/27/1996","52.08333 -106.08333"
"1143","686-13937","","7/9/1996","52.08333 -106.08333"
"1144","896-75364","","7/3/1996","52.08333 -106.08333"
"1145","1107-16458","","8/29/1995","52.08333 -106.08333"
"1146","896-75105","","7/18/1991","52.25 -106.08333"
"1147","896-75359","","6/29/1996","52.08333 -106.08333"
"1148","896-75362","","7/3/1996","52.08333 -106.08333"
"1149","896-75167","","8/7/1992","52.08333 -106.08333"
"1150","896-75361","","7/2/1996","52.08333 -106.08333"
"1151","1107-16484","","6/29/1996","52.08333 -106.08333"
"1152","1467-52336","","7/1/1996","52.08333 -106.08333"
"1153","896-75295","","7/13/1995","52.08333 -106.08333"
"1154","1107-16489","","7/6/1996","52.08333 -106.08333"
"1155","686-13935","","6/26/1996","52.08333 -106.08333"
"1156","896-75363","","7/3/1996","52.08333 -106.08333"
"1157","1107-16408","","7/11/1995","52.08333 -106.08333"
"1158","1107-16338","","7/27/1994","52.08333 -106.08333"
"1159","1467-52337","","7/1/1996","52.08333 -106.08333"
"1160","1467-52339","","7/3/1996","52.08333 -106.08333"
"1161","896-75365","","",""
"1162","1107-16487","","7/5/1996","52.08333 -106.08333"
"1163","896-75367","","7/8/1996","52.08333 -106.08333"
"1164","1107-16462","","6/3/1996","52.08333 -106.08333"
"1165","896-75360","","7/1/1996","52.08333 -106.08333"
"1166","596-68175","","6/30/1990","52.08333 -106.08333"
"1167","896-75226","","7/18/1994","52.08333 -106.08333"
"1168","686-13916","","7/7/1992","52.25 -106.08333"
"1169","896-75293","","7/11/1995","52.08333 -106.08333"
"1170","896-75303","","7/25/1995","52.08333 -106.08333"
"1171","896-75287","","7/5/1995","52.08333 -106.08333"
"1172","896-75288","","7/6/1995","52.08333 -106.08333"
"1173","896-75294","","7/13/1995","52.08333 -106.08333"
"1174","686-13938","","7/10/1996","52.08333 -106.08333"
"1175","686-13941","","7/12/1996","52.08333 -106.08333"
"1176","686-13946","","7/14/1996","52.08333 -106.08333"
"1177","686-13950","","7/18/1996","52.08333 -106.08333"
"1178",NA,"","-",""
"1179","686-13955","","-",""
"1180","896-75293","","7/11/1995","52.08333 -106.08333"
"1181","896-75381","","8/16/1996","52.08333 -106.08333"
"1182","* STILL NEEDS TO BE ENTERED: Binder has some sheets, in different formatting, that are radio tags (maybe for ducklings)","","",""
"1183","686-13983","","7/18/1994","52.08333 -106.08333"
"1184","686-13984","","7/2/1997","52.08333 -106.08333"
"1185","686-13992","","7/5/1997","52.08333 -106.08333"
"1186","686-13994","","7/5/1997","52.08333 -106.08333"
"1187","686-13995","","7/7/1997","52.08333 -106.08333"
"1188","896-75267","","8/10/1994","52.08333 -106.08333"
"1189","896-75368","","7/9/1996","52.08333 -106.08333"
"1190","896-75297","","7/14/1995","52.08333 -106.08333"
"1191","1016-61301","","7/8/1997","52.08333 -106.08333"
"1192","1016-61310","","7/13/1997","52.08333 -106.08333"
"1193","1016-61311","","7/14/1997","52.08333 -106.08333"
"1194","1016-61315","","7/18/1997","52.08333 -106.08333"
"1195","1016-61316","","7/19/1997","52.08333 -106.08333"
"1196","1016-61319","","7/22/1997","52.08333 -106.08333"
"1197","1016-61324","","7/26/1997","52.08333 -106.08333"
"1198","1016-72005","","7/6/1997","52.08333 -106.08333"
"1199","1016-72011","","7/16/1997","52.08333 -106.08333"
"1200","686-13986","","7/3/1997","52.08333 -106.08333"
"1201","686-13987","","7/4/1997","52.08333 -106.08333"
"1202","1016-61318","","7/21/1997","52.08333 -106.08333"
"1203","1016-72003","","7/6/1997","52.08333 -106.08333"
"1204","1107-16499","","7/21/1996","52.08333 -106.08333"
"1205","2367-85874","","6/24/1997","52.08333 -106.08333"
"1206","1467-52342","","7/14/1996","52.08333 -106.08333"
"1207","1467-52357","","7/8/1997","52.08333 -106.08333"
"1208","1467-52363","","7/16/1997","52.08333 -106.08333"
"1209","1467-55363","","see above",""
"1210","1467-52364","","7/16/1997","52.08333 -106.08333"
"1211","2367-85844","","5/28/1997","52.08333 -106.08333"
"1212","2367-85846","","5/30/1997","52.08333 -106.08333"
"1213","2367-85852","","6/2/1997","52.08333 -106.08333"
"1214","2367-85857","","6/5/1997","52.08333 -106.08333"
"1215","2367-85870","","6/22/1997","52.08333 -106.08333"
"1216","2367-85878","","6/27/1997","52.08333 -106.08333"
"1217","2367-85885","","7/12/1997","52.08333 -106.08333"
"1218","2367-85892","","7/21/1997","52.08333 -106.08333"
"1219","2367-85895","","7/24/1997","52.08333 -106.08333"
"1220","2367-85860","","6/7/1997","52.08333 -106.08333"
"1221","2367-85884","","7/11/1997","52.08333 -106.08333"
"1222","1107-16406","","7/7/1995","52.08333 -106.08333"
"1223","2367-85879","","6/30/1997","52.08333 -106.08333"
"1224","2367-85880","","6/30/1997","52.08333 -106.08333"
"1225","1467-52235","","8/2/1990","52.08333 -106.08333"
"1226","1667-55363","","-",""
"1227","1016-75368","","-",""
"1228","1016-61521","","-",""
"1229","896-75373","","7/15/1996","52.08333 -106.08333"
"1230","686-13952","","7/18/1996","52.08333 -106.08333"
"1231","686-13998","","7/7/1997","52.08333 -106.08333"
"1232","686-13991","","7/5/1997","52.08333 -106.08333"
"1233","1107-16470","","6/10/1996","52.08333 -106.08333"
"1234","1107-16490","","-",""
"1235","1107-16496","","7/18/1996","52.08333 -106.08333"
"1236","1107-16497","","7/18/1996","52.08333 -106.08333"
"1237","1467-52310","","5/27/1992","52.25 -106.08333"
"1238","1467-52340","","7/8/1996","52.08333 -106.08333"
"1239","1467-52341","","7/8/1996","52.08333 -106.08333"
"1240","1467-52343","","7/28/1996","52.08333 -106.08333"
"1241","2367-45802","","-",""
