"","band_num","date","SPECIES","COORDINATES"
"1","795-69001",1983-06-02,"BWTE","52.08333 -106.08333"
"2","795-69019",1983-07-12,"BWTE","52.08333 -106.08333"
"3","795-69012",1983-07-14,"BWTE","52.08333 -106.08333"
"4","795-69013",1983-07-15,"BWTE","52.08333 -106.08333"
"5","795-69016",1983-07-19,"BWTE","52.08333 -106.08333"
"6","795-69017",1983-07-20,"BWTE","52.08333 -106.08333"
"7","795-69018",1983-07-20,"BWTE","52.08333 -106.08333"
"8","795-69020",1983-07-20,"BWTE","52.08333 -106.08333"
"9","795-69021",1983-07-20,"BWTE","52.08333 -106.08333"
"10","795-69026",1983-08-05,"BWTE","52.08333 -106.08333"
"11","795-69028",1983-08-05,"BWTE","52.08333 -106.08333"
"12","795-69032",1983-08-05,"BWTE","52.08333 -106.08333"
"13","795-69034",1983-08-05,"BWTE","52.08333 -106.08333"
"14","795-69038",1983-08-05,"BWTE","52.08333 -106.08333"
"15","795-69039",1983-08-05,"BWTE","52.08333 -106.08333"
"16","795-69040",1983-08-05,"BWTE","52.08333 -106.08333"
"17","795-69042",1983-08-05,"BWTE","52.08333 -106.08333"
"18","795-69044",1983-08-05,"BWTE","52.08333 -106.08333"
"19","795-69045",1983-08-05,"BWTE","52.08333 -106.08333"
"20","795-69046",1983-08-05,"BWTE","52.08333 -106.08333"
"21","795-69047",1983-08-05,"BWTE","52.08333 -106.08333"
"22","795-69048",1983-08-05,"BWTE","52.08333 -106.08333"
"23","795-69049",1983-08-05,"BWTE","52.08333 -106.08333"
"24","795-69050",1983-08-05,"BWTE","52.08333 -106.08333"
"25","795-69051",1983-08-05,"BWTE","52.08333 -106.08333"
"26","795-69053",1983-08-10,"BWTE","52.08333 -106.08333"
"27","795-69054",1983-08-10,"BWTE","52.08333 -106.08333"
"28","795-69055",1983-08-10,"BWTE","52.08333 -106.08333"
"29","795-69056",1983-08-10,"BWTE","52.08333 -106.08333"
"30","795-69057",1983-08-10,"BWTE","52.08333 -106.08333"
"31","795-69058",1983-08-10,"BWTE","52.08333 -106.08333"
"32","795-69059",1983-08-10,"BWTE","52.08333 -106.08333"
"33","795-69010",1983-07-07,"BWTE","52.08333 -106.08333"
"34","795-69060",1983-08-10,"BWTE","52.08333 -106.08333"
"35","795-69061",1983-08-10,"BWTE","52.08333 -106.08333"
"36","795-69062",1983-08-10,"BWTE","52.08333 -106.08333"
"37","795-69064",1983-08-10,"BWTE","52.08333 -106.08333"
"38","795-69066",1983-08-10,"BWTE","52.08333 -106.08333"
"39","795-69067",1983-08-10,"BWTE","52.08333 -106.08333"
"40","795-69069",1983-08-25,"BWTE","52.08333 -106.08333"
"41","795-69077",1983-08-25,"BWTE","52.08333 -106.08333"
"42","795-69079",1983-08-25,"BWTE","52.08333 -106.08333"
"43","795-69081",1983-08-25,"BWTE","52.08333 -106.08333"
"44","795-69085",1984-06-05,"BWTE","52.08333 -106.08333"
"45","795-69087",1984-06-18,"BWTE","52.08333 -106.08333"
"46","795-69089",1984-06-25,"BWTE","52.08333 -106.08333"
"47","795-69092",1984-07-09,"BWTE","52.08333 -106.08333"
"48","775-74117",1985-06-01,"BWTE","52.25 -106.08333"
"49","775-74119",1985-06-09,"BWTE","52.25 -106.08333"
"50","775-74120",1985-06-09,"BWTE","52.25 -106.08333"
"51","775-74121",1985-06-11,"BWTE","52.25 -106.08333"
"52","775-74122",1985-06-11,"BWTE","52.25 -106.08333"
"53","775-74123",1985-06-13,"BWTE","52.25 -106.08333"
"54","775-74124",1985-06-13,"BWTE","52.25 -106.08333"
"55","775-74125",1985-06-14,"BWTE","52.25 -106.08333"
"56","775-74126",1985-06-14,"BWTE","52.25 -106.08333"
"57","775-74127",1985-06-15,"BWTE","52.25 -106.08333"
"58","775-74128",1985-06-15,"BWTE","52.25 -106.08333"
"59","775-74129",1985-06-19,"BWTE","52.25 -106.08333"
"60","775-74130",1985-06-24,"BWTE","52.25 -106.08333"
"61","775-74131",1985-06-24,"BWTE","52.25 -106.08333"
"62","775-74132",1985-06-25,"BWTE","52.25 -106.08333"
"63","775-74134",1985-06-27,"BWTE","52.25 -106.08333"
"64","775-74136",1985-07-03,"BWTE","52.25 -106.08333"
"65","775-74138",1985-07-09,"BWTE","52.25 -106.08333"
"66","775-74144",1985-07-15,"BWTE","52.25 -106.08333"
"67","775-74156",1985-07-15,"BWTE","52.25 -106.08333"
"68","775-74158",1985-07-15,"BWTE","52.25 -106.08333"
"69","775-74157",1985-07-15,"BWTE","52.25 -106.08333"
"70","775-74166",1985-07-16,"BWTE","52.25 -106.08333"
"71","775-74176",1985-07-22,"BWTE","52.25 -106.08333"
"72","775-74177",1985-07-22,"BWTE","52.25 -106.08333"
"73","775-74190",1985-07-23,"BWTE","52.25 -106.08333"
"74","775-74309",1985-07-24,"BWTE","52.25 -106.08333"
"75","775-74321",1985-07-25,"BWTE","52.25 -106.08333"
"76","775-74323",1985-07-25,"BWTE","52.25 -106.08333"
"77","775-74325",1985-07-25,"BWTE","52.25 -106.08333"
"78","775- 74327",1985-07-25,"BWTE","52.25 -106.08333"
"79","775-74348",1985-07-30,"BWTE","52.25 -106.08333"
"80","775-74350",1985-07-30,"BWTE","52.25 -106.08333"
"81","775-75353",1985-07-30,"BWTE","52.25 -106.08333"
"82","775-74355",1985-07-30,"BWTE","52.25 -106.08333"
"83","775-74356",1985-07-30,"BWTE","52.25 -106.08333"
"84","775-74358",1985-07-30,"BWTE","52.25 -106.08333"
"85","775-74362",1985-07-30,"BWTE","52.25 -106.08333"
"86","775-74369",1985-07-30,"BWTE","52.25 -106.08333"
"87","775-74370",1985-07-30,"BWTE","52.25 -106.08333"
"88","775-74379",1985-07-30,"BWTE","52.25 -106.08333"
"89","775-74383",1985-08-01,"BWTE","52.25 -106.08333"
"90","775-74386",1985-08-01,"BWTE","52.25 -106.08333"
"91","775-74388",1985-08-01,"BWTE","52.25 -106.08333"
"92","775-74390",1985-08-01,"BWTE","52.25 -106.08333"
"93","775-74391",1985-08-01,"BWTE","52.25 -106.08333"
"94","775-74399",1985-08-06,"BWTE","52.25 -106.08333"
"95","775-74201",1985-08-06,"BWTE","52.25 -106.08333"
"96","775-74400",1985-08-06,"BWTE","52.25 -106.08333"
"97","775-74202",1985-08-06,"BWTE","52.25 -106.08333"
"98","775-74206",1985-08-06,"BWTE","52.25 -106.08333"
"99","775-74207",1985-08-06,"BWTE","52.25 -106.08333"
"100","775-74219",1985-08-08,"BWTE","52.25 -106.08333"
"101","775-74221",1985-08-08,"BWTE","52.25 -106.08333"
"102","775-74222",1985-08-08,"BWTE","52.25 -106.08333"
"103","775-74223",1985-08-08,"BWTE","52.25 -106.08333"
"104","775-74224",1985-08-08,"BWTE","52.25 -106.08333"
"105","775-74225",1985-08-08,"BWTE","52.25 -106.08333"
"106","775-74226",1985-08-08,"BWTE","52.25 -106.08333"
"107","775-74228",1985-08-08,"BWTE","52.25 -106.08333"
"108","775-74233",1985-08-08,"BWTE","52.25 -106.08333"
"109","775-74251",1985-08-12,"BWTE","52.25 -106.08333"
"110","775-74252",1985-08-12,"BWTE","52.25 -106.08333"
"111","775-74253",1985-08-12,"BWTE","52.25 -106.08333"
"112","775-74254",1985-08-13,"BWTE","52.25 -106.08333"
"113","775-74255",1985-08-15,"BWTE","52.25 -106.08333"
"114","775-74256",1985-08-15,"BWTE","52.25 -106.08333"
"115","775-74257",1985-08-15,"BWTE","52.25 -106.08333"
"116","775-74259",1985-08-15,"BWTE","52.25 -106.08333"
"117","775-74260",1985-08-15,"BWTE","52.25 -106.08333"
"118","775-74262",1985-08-15,"BWTE","52.25 -106.08333"
"119","775-74264",1985-08-19,"BWTE","52.25 -106.08333"
"120","775-74267",1985-08-19,"BWTE","52.25 -106.08333"
"121","775-74277",1985-08-19,"BWTE","52.25 -106.08333"
"122","775-74278",1985-08-19,"BWTE","52.25 -106.08333"
"123","775-74279",1985-08-19,"BWTE","52.25 -106.08333"
"124","775-74280",1985-08-19,"BWTE","52.25 -106.08333"
"125","775-74281",1985-08-19,"BWTE","52.25 -106.08333"
"126","775-74282",1985-08-19,"BWTE","52.25 -106.08333"
"127","775-74433",1985-08-27,"BWTE","52.08333 -106.08333"
"128","775-74434",1985-08-27,"BWTE","52.08333 -106.08333"
"129","775-74435",1985-08-27,"BWTE","52.08333 -106.08333"
"130","775-74436",1985-08-27,"BWTE","52.08333 -106.08333"
"131","775-74301",1985-07-24,"BWTE","52.25 -106.08333"
"132","775-74457",1985-08-29,"BWTE","52.08333 -106.08333"
"133","775-74458",1985-08-29,"BWTE","52.08333 -106.08333"
"134","775-74460",1985-08-29,"BWTE","52.08333 -106.08333"
"135","775-74465",1985-08-29,"BWTE","52.08333 -106.08333"
"136","775-74463",1985-08-29,"BWTE","52.08333 -106.08333"
"137","865-18504+CB",1986-06-16,"BWTE","52.08333 -106.08333"
"138","865-18506+CB",1986-06-17,"BWTE","52.08333 -106.08333"
"139","865-18508+CB",1986-06-19,"BWTE","52.08333 -106.08333"
"140","865-18509+CB",1986-06-20,"BWTE","52.08333 -106.08333"
"141","865-18511+CB",1986-06-24,"BWTE","52.08333 -106.08333"
"142","865-18512+CB",1986-06-24,"BWTE","52.08333 -106.08333"
"143","865-18514+CB",1986-06-27,"BWTE","52.08333 -106.08333"
"144","865-18532+CB",1986-07-14,"BWTE","52.08333 -106.08333"
"145","865-18533+CB",1986-07-16,"BWTE","52.08333 -106.08333"
"146","865-18540+CB",1986-07-16,"BWTE","52.08333 -106.08333"
"147","865-18544+CB",1986-07-16,"BWTE","52.08333 -106.08333"
"148","865-18559+CB",1986-07-29,"BWTE","52.08333 -106.08333"
"149","865-18571+CB",1986-07-31,"BWTE","52.08333 -106.08333"
"150","865-18539+GCB",1986-07-16,"BWTE","52.08333 -106.08333"
"151","865-18742",1986-08-20,"BWTE","52.08333 -106.08333"
"152","865-18746",1986-08-20,"BWTE","52.08333 -106.08333"
"153","865-18536",1986-07-16,"BWTE","52.08333 -106.08333"
"154","865-18581",1986-08-12,"BWTE","52.08333 -106.08333"
"155","865-18589",1986-08-12,"BWTE","52.08333 -106.08333"
"156","865-18594",1986-08-13,"BWTE","52.08333 -106.08333"
"157","865-18596",1986-08-13,"BWTE","52.08333 -106.08333"
"158","865-18661+GCB",1986-08-28,"BWTE","52.08333 -106.08333"
"159","865-18763+GCB",1986-08-22,"BWTE","52.08333 -106.08333"
"160","865-18665+GCB",1986-08-30,"BWTE","52.08333 -106.08333"
"161","775-74198",1985-07-23,"BWTE","52.25 -106.08333"
"162","865-18668+Gband",1986-08-31,"BWTE","52.08333 -106.08333"
"163","865-18675+RB",1987-06-07,"BWTE","52.08333 -106.08333"
"164","865-18678+RB",1987-06-07,"BWTE","52.08333 -106.08333"
"165","865-18679+RB",1987-06-07,"BWTE","52.08333 -106.08333"
"166","865-18680+RB",1987-06-07,"BWTE","52.08333 -106.08333"
"167","865-18684+RB",1987-06-26,"BWTE","52.08333 -106.08333"
"168","865-18686+RB",1987-07-02,"BWTE","52.08333 -106.08333"
"169","865-18689+RB",1987-07-08,"BWTE","52.08333 -106.08333"
"170","865-18690+RB",1987-07-10,"BWTE","52.08333 -106.08333"
"171","865-18691+RB",1987-07-11,"BWTE","52.08333 -106.08333"
"172","865-18700+RB",1987-07-21,"BWTE","52.08333 -106.08333"
"173","865-18805+RB",1987-07-21,"BWTE","52.08333 -106.08333"
"174","865-18833+RB",1987-07-23,"BWTE","52.08333 -106.08333"
"175","865-18834+RB",1987-07-23,"BWTE","52.08333 -106.08333"
"176","865-18878",1987-08-27,"BWTE","52.08333 -106.08333"
"177","865-18935",1988-05-11,"BWTE","52.08333 -106.08333"
"178","865-18940",1988-06-13,"BWTE","52.08333 -106.08333"
"179","865-18942",1988-06-14,"BWTE","52.08333 -106.08333"
"180","865-18943",1988-06-17,"BWTE","52.08333 -106.08333"
"181","865-18944",1988-06-18,"BWTE","52.08333 -106.08333"
"182","755-49218",1988-06-06,"BWTE","52.08333 -106.08333"
"183","755-49219",1988-06-25,"BWTE","52.08333 -106.08333"
"184","755-49220",1988-06-28,"BWTE","52.08333 -106.08333"
"185","755-49230",1988-07-22,"BWTE","52.08333 -106.08333"
"186","755-49285",1988-07-29,"BWTE","52.08333 -106.08333"
"187","755-49287",1988-07-29,"BWTE","52.08333 -106.08333"
"188","755-49297",1988-08-08,"BWTE","52.08333 -106.08333"
"189","755-49288",1988-07-29,"BWTE","52.08333 -106.08333"
"190","755-49294",1988-08-08,"BWTE","52.08333 -106.08333"
"191","755-49296",1988-08-08,"BWTE","52.08333 -106.08333"
"192","755-49308",1988-08-10,"BWTE","52.08333 -106.08333"
"193","755-49377",1989-08-03,"BWTE","52.08333 -106.08333"
"194","755-49385",1989-08-03,"BWTE","52.08333 -106.08333"
"195","755-49369",1989-08-03,"BWTE","52.08333 -106.08333"
"196","755-49350",1989-07-06,"BWTE","52.08333 -106.08333"
"197","755-49348",1989-06-20,"BWTE","52.08333 -106.08333"
"198","755-49253",1988-07-25,"BWTE","52.08333 -106.08333"
"199","755-49386",1989-08-03,"BWTE","52.08333 -106.08333"
"200","755-49371",1989-08-03,"BWTE","52.08333 -106.08333"
"201","755-49497",1990-06-23,"BWTE","52.08333 -106.08333"
"202","755-49247",1988-07-25,"BWTE","52.08333 -106.08333"
"203","755-49499",1990-06-27,"BWTE","52.08333 -106.08333"
"204","865-18850",1987-08-16,"BWTE","52.08333 -106.08333"
"205","865-18842",1987-08-15,"BWTE","52.08333 -106.08333"
"206","885-43219+CB",1990-08-03,"BWTE","52.08333 -106.08333"
"207","885-43221+CB",1990-08-10,"BWTE","52.08333 -106.08333"
"208","885-43222+CB",1990-08-10,"BWTE","52.08333 -106.08333"
"209","885-43223+CB",1990-08-10,"BWTE","52.08333 -106.08333"
"210","885-43224+CB",1990-08-10,"BWTE","52.08333 -106.08333"
"211","885-43225+CB",1990-08-10,"BWTE","52.08333 -106.08333"
"212","755-49468+CB",1989-08-17,"BWTE","52.25 -106.08333"
"213","865-18948",1988-07-20,"BWTE","52.08333 -106.08333"
"214","885-43375",1991-06-23,"BWTE","52.08333 -106.08333"
"215","885-43377",1991-07-17,"BWTE","52.08333 -106.08333"
"216","885-43378",1991-07-19,"BWTE","52.08333 -106.08333"
"217","885-43421",1991-08-28,"BWTE","52.08333 -106.08333"
"218","876-04949",1986-06-25,"GADW","52.08333 -106.08333"
"219","876-04950",1986-06-28,"GADW","52.08333 -106.08333"
"220","876-04951",1986-07-08,"GADW","52.08333 -106.08333"
"221","876-04952",1986-07-08,"GADW","52.08333 -106.08333"
"222","876-04967",1987-06-25,"GADW","52.08333 -106.08333"
"223","876-04970",1987-07-01,"GADW","52.08333 -106.08333"
"224","876-04971",1987-07-02,"GADW","52.08333 -106.08333"
"225","876-04972",1987-07-06,"GADW","52.08333 -106.08333"
"226","876-04973",1987-07-14,"GADW","52.08333 -106.08333"
"227","876-04984",1988-05-25,"GADW","52.08333 -106.08333"
"228","876-04985",1988-06-20,"GADW","52.08333 -106.08333"
"229","876-04986",1988-06-23,"GADW","52.08333 -106.08333"
"230","876-04988",1988-06-23,"GADW","52.08333 -106.08333"
"231","876-04989",1988-06-30,"GADW","52.08333 -106.08333"
"232","876-04990",1988-06-30,"GADW","52.08333 -106.08333"
"233","876-04902",1983-08-04,"AMWI","52.08333 -106.08333"
"234","876-04997",1988-07-22,"GADW","52.08333 -106.08333"
"235","596-68116",1989-07-02,"GADW","52.08333 -106.08333"
"236","596-68127",1989-07-07,"GADW","52.08333 -106.08333"
"237","596-68130",1989-07-11,"GADW","52.08333 -106.08333"
"238","596-68132",1989-07-13,"GADW","52.08333 -106.08333"
"239","596-68126",1989-07-06,"GADW","52.08333 -106.08333"
"240","596-68115",1989-07-02,"GADW","52.08333 -106.08333"
"241","596-68129",1989-07-08,"GADW","52.08333 -106.08333"
"242","596-68113",1989-06-22,"GADW","52.08333 -106.08333"
"243","596-68168",1990-06-25,"GADW","52.08333 -106.08333"
"244","596-68177",1990-07-03,"GADW","52.08333 -106.08333"
"245","596-68176",1990-07-01,"GADW","52.08333 -106.08333"
"246","596-68180",1990-07-05,"GADW","52.08333 -106.08333"
"247","596-68183",1990-07-05,"GADW","52.08333 -106.08333"
"248","596-68186",1990-07-09,"GADW","52.08333 -106.08333"
"249","596-68187",1990-07-09,"GADW","52.08333 -106.08333"
"250","596-68189",1990-07-13,"GADW","52.08333 -106.08333"
"251","596-68188",1990-07-10,"GADW","52.08333 -106.08333"
"252","596-68196",1990-07-19,"GADW","52.08333 -106.08333"
"253","596-68198",1990-08-10,"GADW","52.08333 -106.08333"
"254","596-68174",1990-06-30,"GADW","52.08333 -106.08333"
"255","596-68167",1990-06-03,"GADW","52.08333 -106.08333"
"256","596-68165",1990-05-13,"GADW","52.08333 -106.08333"
"257","596-68169",1990-06-27,"GADW","52.08333 -106.08333"
"258","596-68171",1990-06-28,"GADW","52.08333 -106.08333"
"259","596-68175",1990-06-30,"GADW","52.08333 -106.08333"
"260","896-62801",1990-08-02,"GADW","52.08333 -106.08333"
"261","896-62896",1991-06-28,"GADW","52.08333 -106.08333"
"262","896-62895",1991-06-26,"GADW","52.08333 -106.08333"
"263","896-62898",1991-07-06,"GADW","52.08333 -106.08333"
"264","896-75105",1991-07-18,"GADW","52.25 -106.08333"
"265","896-75106",1991-07-20,"GADW","52.25 -106.08333"
"266","896-75117",1991-07-26,"GADW","52.25 -106.08333"
"267","896-75118",1991-07-31,"GADW","52.25 -106.08333"
"268","896-75110",1991-07-26,"GADW","52.25 -106.08333"
"269","896-75115",1991-07-26,"GADW","52.25 -106.08333"
"270","896-75159",1992-07-14,"GADW","52.08333 -106.08333"
"271","896-75157",1992-07-10,"GADW","52.08333 -106.08333"
"272","896-75156",1992-07-09,"GADW","52.08333 -106.08333"
"273","896-75153",1992-07-09,"GADW","52.08333 -106.08333"
"274","896-75152",1992-07-08,"GADW","52.08333 -106.08333"
"275","896-75145",1992-07-03,"GADW","52.25 -106.08333"
"276","896-75146",1992-06-30,"GADW","52.25 -106.08333"
"277","896-75144",1992-06-26,"GADW","52.25 -106.08333"
"278","896-75168",1992-08-07,"GADW","52.08333 -106.08333"
"279","896-75165",1992-08-07,"GADW","52.08333 -106.08333"
"280","896-75167",1992-08-07,"GADW","52.08333 -106.08333"
"281","896-75149",1992-07-03,"GADW","52.25 -106.08333"
"282","896-75147",1992-07-03,"GADW","52.25 -106.08333"
"283","896-75150",1992-07-06,"GADW","52.25 -106.08333"
"284","896-75143",1992-06-26,"GADW","52.25 -106.08333"
"285","896-75113",1991-07-26,"GADW","52.25 -106.08333"
"286","896-75204",1993-07-02,"GADW","52.08333 -106.08333"
"287","896-75207",1994-06-16,"GADW","52.08333 -106.08333"
"288","896-75208",1994-06-17,"GADW","52.08333 -106.08333"
"289","896-75209",1994-06-23,"GADW","52.08333 -106.08333"
"290","896-75210",1994-06-25,"GADW","52.08333 -106.08333"
"291","896-75211",1994-06-27,"GADW","52.08333 -106.08333"
"292","896-75212",1994-06-22,"GADW","52.08333 -106.08333"
"293","896-75215",1994-07-01,"GADW","52.08333 -106.08333"
"294","896-75216",1994-07-04,"GADW","52.08333 -106.08333"
"295","896-75217",1994-07-08,"GADW","52.08333 -106.08333"
"296","896-75218",1994-07-09,"GADW","52.08333 -106.08333"
"297","896-75219",1994-07-10,"GADW","52.08333 -106.08333"
"298","896-75220",1994-07-12,"GADW","52.08333 -106.08333"
"299","896-75221",1994-07-13,"GADW","52.08333 -106.08333"
"300","896-75224",1994-07-16,"GADW","52.08333 -106.08333"
"301","896-75225",1994-07-17,"GADW","52.08333 -106.08333"
"302","896-75236",1994-08-04,"GADW","52.08333 -106.08333"
"303","896-75237",1994-08-04,"GADW","52.08333 -106.08333"
"304","896-75250",1994-08-04,"GADW","52.08333 -106.08333"
"305","896-75266",1994-08-10,"GADW","52.08333 -106.08333"
"306","896-75267",1994-08-10,"GADW","52.08333 -106.08333"
"307","896-75263",1994-08-10,"GADW","52.08333 -106.08333"
"308","896-75290",1995-07-07,"GADW","52.08333 -106.08333"
"309","896-75296",1995-07-14,"GADW","52.08333 -106.08333"
"310","896-75286",1995-06-23,"GADW","52.08333 -106.08333"
"311","896-75288",1995-07-06,"GADW","52.08333 -106.08333"
"312","896-75292",1995-07-10,"GADW","52.08333 -106.08333"
"313","896-75291",1995-07-09,"GADW","52.08333 -106.08333"
"314","896-75293",1995-07-11,"GADW","52.08333 -106.08333"
"315","896-75294",1995-07-13,"GADW","52.08333 -106.08333"
"316","896-75295",1995-07-13,"GADW","52.08333 -106.08333"
"317","896-75299",1995-07-16,"GADW","52.08333 -106.08333"
"318","896-75300",1995-07-17,"GADW","52.08333 -106.08333"
"319","896-75303",1995-07-25,"GADW","52.08333 -106.08333"
"320","896-75304",1995-07-17,"GADW","52.08333 -106.08333"
"321","896-75305",1995-07-18,"GADW","52.08333 -106.08333"
"322","896-75306",1995-07-19,"GADW","52.08333 -106.08333"
"323","896-75307",1995-07-21,"GADW","52.08333 -106.08333"
"324","896-75308",1995-07-22,"GADW","52.08333 -106.08333"
"325","896-75309",1995-07-25,"GADW","52.08333 -106.08333"
"326","896-75349",1995-08-28,"GADW","52.08333 -106.08333"
"327","896-75351",1995-08-31,"GADW","52.08333 -106.08333"
"328","686-13932",1995-07-11,"GADW","52.08333 -106.08333"
"329","896-75287",1995-07-05,"GADW","52.08333 -106.08333"
"330","686-13916",1992-07-07,"GADW","52.25 -106.08333"
"331","686-13935",1996-06-26,"GADW","52.08333 -106.08333"
"332","686-13937",1996-07-09,"GADW","52.08333 -106.08333"
"333","686-13938",1996-07-10,"GADW","52.08333 -106.08333"
"334","686-13939",1996-07-10,"GADW","52.08333 -106.08333"
"335","686-13940",1996-07-11,"GADW","52.08333 -106.08333"
"336","686-13941",1996-07-12,"GADW","52.08333 -106.08333"
"337","686-13942",1996-07-12,"GADW","52.08333 -106.08333"
"338","686-13943",1996-07-12,"GADW","52.08333 -106.08333"
"339","686-13944",1996-07-12,"GADW","52.08333 -106.08333"
"340","686-13945",1996-07-14,"GADW","52.08333 -106.08333"
"341","686-13946",1996-07-14,"GADW","52.08333 -106.08333"
"342","686-13947",1996-07-14,"GADW","52.08333 -106.08333"
"343","686-13948",1996-07-16,"GADW","52.08333 -106.08333"
"344","686-13949",1996-07-18,"GADW","52.08333 -106.08333"
"345","686-13950",1996-07-18,"GADW","52.08333 -106.08333"
"346","686-13952",1996-07-18,"GADW","52.08333 -106.08333"
"347","686-13953",1996-07-18,"GADW","52.08333 -106.08333"
"348","686-13954",1996-07-18,"GADW","52.08333 -106.08333"
"349","686-13956",1996-07-26,"GADW","52.08333 -106.08333"
"350","686-13957",1996-07-27,"GADW","52.08333 -106.08333"
"351","686-13958",1996-07-28,"GADW","52.08333 -106.08333"
"352","686-13959",1996-08-28,"GADW","52.08333 -106.08333"
"353","686-13960",1996-08-28,"GADW","52.08333 -106.08333"
"354","686-13961",1996-08-28,"GADW","52.08333 -106.08333"
"355","686-13963",1996-08-28,"GADW","52.08333 -106.08333"
"356","686-13965",1996-08-28,"GADW","52.08333 -106.08333"
"357","1056-37162",2000-07-12,"GADW","52.25 -106.08333"
"358","686-13971",1996-08-31,"GADW","52.08333 -106.08333"
"359","686-13974",1997-06-22,"GADW","52.08333 -106.08333"
"360","686-13981",1997-06-28,"GADW","52.08333 -106.08333"
"361","686-13983",1994-07-18,"GADW","52.08333 -106.08333"
"362","686-13984",1997-07-02,"GADW","52.08333 -106.08333"
"363","686-13986",1997-07-03,"GADW","52.08333 -106.08333"
"364","686-13987",1997-07-04,"GADW","52.08333 -106.08333"
"365","686-13991",1997-07-05,"GADW","52.08333 -106.08333"
"366","686-13992",1997-07-05,"GADW","52.08333 -106.08333"
"367","686-13993",1997-07-05,"GADW","52.08333 -106.08333"
"368","686-13994",1997-07-05,"GADW","52.08333 -106.08333"
"369","686-13995",1997-07-07,"GADW","52.08333 -106.08333"
"370","686-13997",1997-07-07,"GADW","52.08333 -106.08333"
"371","686-13998",1997-07-07,"GADW","52.08333 -106.08333"
"372","686-13999",1997-07-08,"GADW","52.08333 -106.08333"
"373","686-14000",1997-07-08,"GADW","52.08333 -106.08333"
"374","896-75163",1992-08-07,"GADW","52.08333 -106.08333"
"375","896-75274",1994-08-10,"GADW","52.08333 -106.08333"
"376","896-75297",1995-07-14,"GADW","52.08333 -106.08333"
"377","896-75344",1995-08-19,"GADW","52.08333 -106.08333"
"378","896-75345",1995-08-23,"GADW","52.08333 -106.08333"
"379","896-75356",1996-06-27,"GADW","52.08333 -106.08333"
"380","896-75359",1996-06-29,"GADW","52.08333 -106.08333"
"381","896-75360",1996-07-01,"GADW","52.08333 -106.08333"
"382","896-75361",1996-07-02,"GADW","52.08333 -106.08333"
"383","896-75362",1996-07-03,"GADW","52.08333 -106.08333"
"384","896-75363",1996-07-03,"GADW","52.08333 -106.08333"
"385","896-75364",1996-07-03,"GADW","52.08333 -106.08333"
"386","896-75366",1996-07-06,"GADW","52.08333 -106.08333"
"387","896-75367",1996-07-08,"GADW","52.08333 -106.08333"
"388","896-75368",1996-07-09,"GADW","52.08333 -106.08333"
"389","896-75373",1996-07-15,"GADW","52.08333 -106.08333"
"390","896-75378",1996-07-29,"GADW","52.08333 -106.08333"
"391","896-75380",1996-08-11,"GADW","52.08333 -106.08333"
"392","896-75381",1996-08-16,"GADW","52.08333 -106.08333"
"393","896-75382",1996-08-19,"GADW","52.08333 -106.08333"
"394","896-75393",1996-08-28,"GADW","52.08333 -106.08333"
"395","896-75432",1998-06-26,"GADW","52.08333 -106.08333"
"396","896-75433",1998-07-02,"GADW","52.08333 -106.08333"
"397","896-75434",1998-07-06,"GADW","52.08333 -106.08333"
"398","896-75435",1998-07-10,"GADW","52.08333 -106.08333"
"399","896-75437",1998-07-13,"GADW","52.08333 -106.08333"
"400","896-75438",1998-07-13,"GADW","52.08333 -106.08333"
"401","896-75440",1998-07-13,"GADW","52.08333 -106.08333"
"402","896-75444",1998-07-16,"GADW","52.08333 -106.08333"
"403","896-75445",1998-07-16,"GADW","52.08333 -106.08333"
"404","1016-61301",1997-07-08,"GADW","52.08333 -106.08333"
"405","1016-61302",1997-07-08,"GADW","52.08333 -106.08333"
"406","1016-61304",1997-07-09,"GADW","52.08333 -106.08333"
"407","1016-61308",1997-07-13,"GADW","52.08333 -106.08333"
"408","1016-61309",1997-07-13,"GADW","52.08333 -106.08333"
"409","1016-61310",1997-07-13,"GADW","52.08333 -106.08333"
"410","1016-61315",1997-07-18,"GADW","52.08333 -106.08333"
"411","1016-61316",1997-07-19,"GADW","52.08333 -106.08333"
"412","1016-61318",1997-07-21,"GADW","52.08333 -106.08333"
"413","1016-61319",1997-07-22,"GADW","52.08333 -106.08333"
"414","1016-61321",1997-07-24,"GADW","52.08333 -106.08333"
"415","1016-61324",1997-07-26,"GADW","52.08333 -106.08333"
"416","1016-61327",1998-06-17,"GADW","52.08333 -106.08333"
"417","1016-61328",1998-06-18,"GADW","52.08333 -106.08333"
"418","1016-61330",1998-06-22,"GADW","52.08333 -106.08333"
"419","1016-61331",1998-06-22,"GADW","52.08333 -106.08333"
"420","1016-61334",1998-06-24,"GADW","52.08333 -106.08333"
"421","1016-61337",1998-06-25,"GADW","52.08333 -106.08333"
"422","1016-61338",1998-06-26,"GADW","52.08333 -106.08333"
"423","1016-61340",1998-06-29,"GADW","52.08333 -106.08333"
"424","1016-61342",1998-07-03,"GADW","52.08333 -106.08333"
"425","1016-61343",1998-07-03,"GADW","52.08333 -106.08333"
"426","1016-61344",1998-07-03,"GADW","52.08333 -106.08333"
"427","1016-61345",1998-07-06,"GADW","52.08333 -106.08333"
"428","1016-61349",1998-07-08,"GADW","52.08333 -106.08333"
"429","1016-61350",1998-07-08,"GADW","52.08333 -106.08333"
"430","1016-61353",1998-07-09,"GADW","52.08333 -106.08333"
"431","1016-61354",1998-07-09,"GADW","52.08333 -106.08333"
"432","1016-61355",1998-07-09,"GADW","52.08333 -106.08333"
"433","1016-61357",1998-07-10,"GADW","52.08333 -106.08333"
"434","1016-61359",1998-07-13,"GADW","52.08333 -106.08333"
"435","1016-61360",1998-07-13,"GADW","52.08333 -106.08333"
"436","1016-61361",1998-07-13,"GADW","52.08333 -106.08333"
"437","1016-61362",1998-07-13,"GADW","52.08333 -106.08333"
"438","1016-61364",1998-07-13,"GADW","52.08333 -106.08333"
"439","1016-61366",1998-07-14,"GADW","52.08333 -106.08333"
"440","1016-61368",1998-07-14,"GADW","52.08333 -106.08333"
"441","1016-61371",1998-07-16,"GADW","52.08333 -106.08333"
"442","1016-61372",1998-07-16,"GADW","52.08333 -106.08333"
"443","1016-61377",1998-07-22,"GADW","52.08333 -106.08333"
"444","1016-61378",1998-07-22,"GADW","52.08333 -106.08333"
"445","1016-61379",1998-07-23,"GADW","52.08333 -106.08333"
"446","1016-72003",1997-07-06,"GADW","52.08333 -106.08333"
"447","1016-72004",1997-07-06,"GADW","52.08333 -106.08333"
"448","1016-72005",1997-07-06,"GADW","52.08333 -106.08333"
"449","1016-72007",1997-07-10,"GADW","52.08333 -106.08333"
"450","1016-72008",1997-07-10,"GADW","52.08333 -106.08333"
"451","1016-72009",1997-07-11,"GADW","52.08333 -106.08333"
"452","1016-72011",1997-07-16,"GADW","52.08333 -106.08333"
"453","1016-72012",1997-07-16,"GADW","52.08333 -106.08333"
"454","596-68118",1989-07-04,"LESC","52.08333 -106.08333"
"455","596-68119",1989-07-05,"LESC","52.08333 -106.08333"
"456","596-68120",1989-07-05,"LESC","52.08333 -106.08333"
"457","596-68121",1989-07-05,"LESC","52.08333 -106.08333"
"458","596-68112",1989-06-16,"LESC","52.08333 -106.08333"
"459","596-68123",1989-07-05,"LESC","52.08333 -106.08333"
"460","596-68124",1989-07-05,"LESC","52.08333 -106.08333"
"461","596-68133",1989-07-19,"LESC","52.08333 -106.08333"
"462","596-68172",1990-06-27,"LESC","52.08333 -106.08333"
"463","596-68173",1990-06-27,"LESC","52.08333 -106.08333"
"464","596-68182",1990-07-05,"LESC","52.08333 -106.08333"
"465","596-68184",1990-07-08,"LESC","52.08333 -106.08333"
"466","596-68185",1990-07-08,"LESC","52.08333 -106.08333"
"467","596-68190",1990-07-16,"LESC","52.08333 -106.08333"
"468","596-68191",1990-07-16,"LESC","52.08333 -106.08333"
"469","596-68192",1990-07-16,"LESC","52.08333 -106.08333"
"470","596-68193",1990-07-17,"LESC","52.08333 -106.08333"
"471","596-68197",1990-07-20,"LESC","52.08333 -106.08333"
"472","896-62827",1990-08-10,"LESC","52.08333 -106.08333"
"473","896-62833",1990-08-15,"LESC","52.08333 -106.08333"
"474","896-62834",1990-08-15,"LESC","52.08333 -106.08333"
"475","896-62835",1990-08-15,"LESC","52.08333 -106.08333"
"476","896-62836",1990-08-15,"LESC","52.08333 -106.08333"
"477","896-62837",1990-08-15,"LESC","52.08333 -106.08333"
"478","896-62844",1990-08-17,"LESC","52.08333 -106.08333"
"479","896-62846",1990-08-20,"LESC","52.25 -106.08333"
"480","896-62864",1990-08-23,"LESC","52.08333 -106.08333"
"481","896-62865",1990-08-23,"LESC","52.08333 -106.08333"
"482","896-62869",1990-08-23,"LESC","52.08333 -106.08333"
"483","896-62872",1990-08-23,"LESC","52.08333 -106.08333"
"484","896-62873",1990-08-23,"LESC","52.08333 -106.08333"
"485","896-62874",1990-08-23,"LESC","52.08333 -106.08333"
"486","896-62877",1990-08-23,"LESC","52.08333 -106.08333"
"487","896-62878",1990-08-23,"LESC","52.08333 -106.08333"
"488","896-62879",1990-08-23,"LESC","52.08333 -106.08333"
"489","896-62882",1990-08-23,"LESC","52.08333 -106.08333"
"490","896-62883",1990-08-23,"LESC","52.08333 -106.08333"
"491","896-62886",1990-08-23,"LESC","52.08333 -106.08333"
"492","896-62899",1991-07-08,"LESC","52.08333 -106.08333"
"493","896-62900",1991-07-11,"LESC","52.08333 -106.08333"
"494","896-75101",1991-07-14,"LESC","52.25 -106.08333"
"495","896-75102",1991-07-14,"LESC","52.25 -106.08333"
"496","896-75103",1991-07-15,"LESC","52.25 -106.08333"
"497","896-75104",1991-07-18,"LESC","52.25 -106.08333"
"498","896-75107",1991-07-22,"LESC","52.25 -106.08333"
"499","896-75129",1991-08-09,"LESC","52.25 -106.08333"
"500","896-75131",1991-08-09,"LESC","52.25 -106.08333"
"501","896-75142",1992-06-22,"LESC","52.25 -106.08333"
"502","896-75151",1992-07-07,"LESC","52.08333 -106.08333"
"503","896-75154",1992-07-09,"LESC","52.08333 -106.08333"
"504","896-75158",1992-07-14,"LESC","52.08333 -106.08333"
"505","896-75160",1992-07-15,"LESC","52.08333 -106.08333"
"506","896-75161",1992-07-23,"LESC","52.08333 -106.08333"
"507","896-75162",1992-07-30,"LESC","52.08333 -106.08333"
"508","896-75175",1992-08-07,"LESC","52.08333 -106.08333"
"509","896-75171",1992-08-07,"LESC","52.08333 -106.08333"
"510","896-75138",1991-09-09,"LESC","52.25 -106.08333"
"511","896-62850",1990-08-23,"LESC","52.08333 -106.08333"
"512","896-62851",1990-08-23,"LESC","52.08333 -106.08333"
"513","896-62852",1990-08-23,"LESC","52.08333 -106.08333"
"514","896-62857",1990-08-23,"LESC","52.08333 -106.08333"
"515","896-62858",1990-08-23,"LESC","52.08333 -106.08333"
"516","896-62859",1990-08-23,"LESC","52.08333 -106.08333"
"517","896-75174",1992-08-07,"LESC","52.08333 -106.08333"
"518","896-75172",1992-08-07,"LESC","52.08333 -106.08333"
"519","896-75176",1992-08-07,"LESC","52.08333 -106.08333"
"520","896-75177",1992-08-07,"LESC","52.08333 -106.08333"
"521","896-75178",1992-08-07,"LESC","52.08333 -106.08333"
"522","896-75179",1992-08-07,"LESC","52.08333 -106.08333"
"523","896-75173",1992-08-07,"LESC","52.08333 -106.08333"
"524","896-75186",1992-09-03,"LESC","52.08333 -106.08333"
"525","896-75187",1992-09-03,"LESC","52.08333 -106.08333"
"526","896-75191",1992-09-03,"LESC","52.08333 -106.08333"
"527","896-75192",1992-09-03,"LESC","52.08333 -106.08333"
"528","896-75194",1992-09-03,"LESC","52.08333 -106.08333"
"529","896-75197",1992-09-03,"LESC","52.08333 -106.08333"
"530","896-75199",1992-09-03,"LESC","52.08333 -106.08333"
"531","896-75200",1992-09-03,"LESC","52.08333 -106.08333"
"532","896-62884",1990-08-23,"LESC","52.08333 -106.08333"
"533","686-13933",1995-07-17,"LESC","52.08333 -106.08333"
"534","686-13990",1997-07-05,"LESC","52.08333 -106.08333"
"535","896-75202",1993-06-16,"LESC","52.08333 -106.08333"
"536","896-75203",1993-06-23,"LESC","52.08333 -106.08333"
"537","1016-61312",1997-07-15,"LESC","52.08333 -106.08333"
"538","1016-61313",1997-07-16,"LESC","52.08333 -106.08333"
"539","1016-61314",1997-07-17,"LESC","52.08333 -106.08333"
"540","1016-61317",1997-07-21,"LESC","52.08333 -106.08333"
"541","1016-61320",1997-07-23,"LESC","52.08333 -106.08333"
"542","1016-61322",1997-07-25,"LESC","52.08333 -106.08333"
"543","1016-61323",1997-07-25,"LESC","52.08333 -106.08333"
"544","1016-61326",1997-08-04,"LESC","52.08333 -106.08333"
"545","1016-61339",1998-06-29,"LESC","52.08333 -106.08333"
"546","1016-61347",1998-07-08,"LESC","52.08333 -106.08333"
"547","1016-61348",1998-07-08,"LESC","52.08333 -106.08333"
"548","1016-61351",1998-07-09,"LESC","52.08333 -106.08333"
"549","1016-61352",1998-07-09,"LESC","52.08333 -106.08333"
"550","1016-61356",1998-07-10,"LESC","52.08333 -106.08333"
"551","1016-61365",1998-07-14,"LESC","52.08333 -106.08333"
"552","1016-61370",1998-07-15,"LESC","52.08333 -106.08333"
"553","1016-61375",1998-07-22,"LESC","52.08333 -106.08333"
"554","1016-61376",1998-07-22,"LESC","52.08333 -106.08333"
"555","1016-61380",1998-07-28,"LESC","52.08333 -106.08333"
"556","1016-61382",1998-07-29,"LESC","52.08333 -106.08333"
"557","1016-72006",1997-07-08,"LESC","52.08333 -106.08333"
"558","896-75205",1993-07-08,"LESC","52.08333 -106.08333"
"559","896-75214",1994-06-27,"LESC","52.08333 -106.08333"
"560","896-75222",1994-07-13,"LESC","52.08333 -106.08333"
"561","896-75223",1994-07-16,"LESC","52.08333 -106.08333"
"562","896-75258",1994-08-05,"LESC","52.08333 -106.08333"
"563","896-75276",1994-08-10,"LESC","52.08333 -106.08333"
"564","896-75298",1995-07-14,"LESC","52.08333 -106.08333"
"565","896-75352",1995-09-01,"LESC","52.08333 -106.08333"
"566","896-75369",1996-07-09,"LESC","52.08333 -106.08333"
"567","896-75371",1991-08-09,"LESC","52.25 -106.08333"
"568","896-75372",1996-07-12,"LESC","52.08333 -106.08333"
"569","896-75374",1996-07-15,"LESC","52.08333 -106.08333"
"570","896-75375",1996-07-15,"LESC","52.08333 -106.08333"
"571","896-75376",1996-07-16,"LESC","52.08333 -106.08333"
"572","896-75377",1996-07-18,"LESC","52.08333 -106.08333"
"573","896-75388",1996-08-28,"LESC","52.08333 -106.08333"
"574","896-75436",1998-07-10,"LESC","52.08333 -106.08333"
"575","896-75439",1998-07-13,"LESC","52.08333 -106.08333"
"576","896-75442",1998-07-15,"LESC","52.08333 -106.08333"
"577","896-75456",1998-08-27,"LESC","52.08333 -106.08333"
"578","896-75461",1998-08-27,"LESC","52.08333 -106.08333"
"579","896-75464",1998-08-27,"LESC","52.08333 -106.08333"
"580","896-75465",1998-08-27,"LESC","52.08333 -106.08333"
"581","896-75468",1998-08-27,"LESC","52.08333 -106.08333"
"582","896-75473",1998-09-14,"LESC","52.08333 -106.08333"
"583","896-75472",1998-09-14,"LESC","52.08333 -106.08333"
"584","1016-61383",1998-08-27,"LESC","52.08333 -106.08333"
"585","1016-61389",1998-08-27,"LESC","52.08333 -106.08333"
"586","1016-61392",1998-08-27,"LESC","52.08333 -106.08333"
"587","1016-61395",1998-08-27,"LESC","52.08333 -106.08333"
"588","1016-72013",1998-08-27,"LESC","52.08333 -106.08333"
"589","1016-72014",1998-08-27,"LESC","52.08333 -106.08333"
"590","1016-72016",1998-08-27,"LESC","52.08333 -106.08333"
"591","1016-72018",1998-08-27,"LESC","52.08333 -106.08333"
"592","1016-72020",1998-08-27,"LESC","52.08333 -106.08333"
"593","1016-72026",1998-08-27,"LESC","52.08333 -106.08333"
"594","1016-72031",1998-08-27,"LESC","52.08333 -106.08333"
"595","1056-37108",1999-06-30,"LESC","52.25 -106.08333"
"596","1056-37113",1999-07-03,"LESC","52.25 -106.08333"
"597","1056-37116",1999-07-05,"LESC","52.25 -106.08333"
"598","1056-37124",1999-07-12,"LESC","52.25 -106.08333"
"599","1056-37126",1999-07-14,"LESC","52.25 -106.08333"
"600","1056-37138",1999-08-30,"LESC","52.25 -106.08333"
"601","1056-37159",2000-07-10,"LESC","52.25 -106.08333"
"602","1056-37157",2000-07-05,"LESC","52.25 -106.08333"
"603","1056-37171",2000-07-25,"LESC","52.25 -106.08333"
"604","1447-40124",1986-08-26,"MALL","52.08333 -106.08333"
"605","1467-52310",1992-05-27,"MALL","52.25 -106.08333"
"606","1467-52311",1992-05-29,"MALL","52.25 -106.08333"
"607","1467-52314",1992-06-20,"MALL","52.25 -106.08333"
"608","1467-52316",1992-06-24,"MALL","52.25 -106.08333"
"609","1467-52317",1992-07-03,"MALL","52.25 -106.08333"
"610","1467-52321",1992-07-10,"MALL","52.25 -106.08333"
"611","1467-52322",1992-07-10,"MALL","52.25 -106.08333"
"612","1107-16302",1992-06-01,"MALL","52.25 -106.08333"
"613","1107-16303",1992-06-07,"MALL","52.25 -106.08333"
"614","1107-16304",1992-06-24,"MALL","52.25 -106.08333"
"615","1107-16305",1992-06-26,"MALL","52.25 -106.08333"
"616","1107-16306",1992-07-03,"MALL","52.25 -106.08333"
"617","1107-16307",1992-07-03,"MALL","52.25 -106.08333"
"618","1107-16308",1992-07-06,"MALL","52.25 -106.08333"
"619","1107-16309",1992-07-13,"MALL","52.25 -106.08333"
"620","1107-16312",1992-08-18,"MALL","52.25 -106.08333"
"621","1107-16320",1993-06-10,"MALL","52.08333 -106.08333"
"622","1107-16321",1993-07-08,"MALL","52.08333 -106.08333"
"623","1107-16322",1993-07-13,"MALL","52.08333 -106.08333"
"624","1107-16323",1994-05-24,"MALL","52.08333 -106.08333"
"625","1107-16324",1994-05-26,"MALL","52.08333 -106.08333"
"626","1107-16325",1994-05-26,"MALL","52.08333 -106.08333"
"627","1107-16326",1994-06-03,"MALL","52.08333 -106.08333"
"628","1107-16327",1994-06-10,"MALL","52.08333 -106.08333"
"629","1107-16328",1994-06-21,"MALL","52.08333 -106.08333"
"630","1107-16329",1994-06-22,"MALL","52.08333 -106.08333"
"631","1107-16330",1994-07-07,"MALL","52.08333 -106.08333"
"632","1107-16331",1994-07-09,"MALL","52.08333 -106.08333"
"633","1107-16333",1994-07-15,"MALL","52.08333 -106.08333"
"634","1107-16334",1994-07-11,"MALL","52.08333 -106.08333"
"635","1107-16335",1994-07-20,"MALL","50.41667 -104.41667"
"636","1107-16336",1994-07-20,"MALL","52.08333 -106.08333"
"637","1107-16338",1994-07-27,"MALL","52.08333 -106.08333"
"638","1107-16341",1994-07-29,"MALL","52.08333 -106.08333"
"639","1107-16342",1994-07-29,"MALL","52.08333 -106.08333"
"640","1107-16345",1994-08-04,"MALL","52.08333 -106.08333"
"641","1107-16346",1994-08-04,"MALL","52.08333 -106.08333"
"642","1107-16365",1994-08-20,"MALL","52.08333 -106.08333"
"643","1107-16382",1994-08-26,"MALL","52.08333 -106.08333"
"644","1107-16388",1995-06-02,"MALL","52.08333 -106.08333"
"645","1107-16389",1995-05-29,"MALL","52.08333 -106.08333"
"646","1107-16390",1995-06-01,"MALL","52.08333 -106.08333"
"647","1107-16391",1995-06-01,"MALL","52.08333 -106.08333"
"648","1107-16392",1995-06-04,"MALL","52.08333 -106.08333"
"649","1107-16393",1995-06-17,"MALL","52.08333 -106.08333"
"650","1107-16394",1995-06-18,"MALL","52.08333 -106.08333"
"651","1107-16395",1995-06-19,"MALL","52.08333 -106.08333"
"652","1107-16396",1995-06-20,"MALL","52.08333 -106.08333"
"653","1107-16397",1995-06-21,"MALL","52.08333 -106.08333"
"654","1107-16398",1995-06-21,"MALL","52.08333 -106.08333"
"655","1107-16399",1995-06-22,"MALL","52.08333 -106.08333"
"656","1107-16400",1995-06-28,"MALL","52.08333 -106.08333"
"657","1107-16401",1995-07-03,"MALL","52.08333 -106.08333"
"658","1107-16402",1995-05-27,"MALL","52.08333 -106.08333"
"659","1107-16403",1995-07-06,"MALL","52.08333 -106.08333"
"660","1107-16404",1995-07-06,"MALL","52.08333 -106.08333"
"661","1107-16405",1995-07-07,"MALL","52.08333 -106.08333"
"662","1107-16406",1995-07-07,"MALL","52.08333 -106.08333"
"663","1107-16407",1995-07-07,"MALL","52.08333 -106.08333"
"664","1107-16408",1995-07-11,"MALL","52.08333 -106.08333"
"665","1107-16409",1995-07-22,"MALL","52.08333 -106.08333"
"666","1107-16417",1995-07-31,"MALL","52.08333 -106.08333"
"667","1107-16419",1995-07-31,"MALL","52.08333 -106.08333"
"668","1107-16423",1995-08-03,"MALL","52.08333 -106.08333"
"669","1107-16424",1995-08-04,"MALL","52.08333 -106.08333"
"670","1107-16426",1995-08-06,"MALL","52.08333 -106.08333"
"671","1107-16427",1995-08-06,"MALL","52.08333 -106.08333"
"672","1107-16428",1995-08-06,"MALL","52.08333 -106.08333"
"673","1107-16441",1995-08-12,"MALL","52.08333 -106.08333"
"674","1107-16442",1995-08-13,"MALL","52.08333 -106.08333"
"675","1107-16443",1995-08-14,"MALL","52.08333 -106.08333"
"676","1107-16457",1995-08-17,"MALL","52.08333 -106.08333"
"677","1107-16458",1995-08-29,"MALL","52.08333 -106.08333"
"678","1107-16460",1996-05-24,"MALL","52.08333 -106.08333"
"679","1107-16461",1996-05-31,"MALL","52.08333 -106.08333"
"680","1107-16462",1996-06-03,"MALL","52.08333 -106.08333"
"681","1107-16463",1996-06-04,"MALL","52.08333 -106.08333"
"682","1107-16466",1996-06-06,"MALL","52.08333 -106.08333"
"683","1107-16467",1996-06-07,"MALL","52.08333 -106.08333"
"684","1107-16468",1996-06-08,"MALL","52.08333 -106.08333"
"685","1107-16469",1996-06-10,"MALL","52.08333 -106.08333"
"686","1107-16470",1996-06-10,"MALL","52.08333 -106.08333"
"687","1107-16471",1996-06-13,"MALL","52.08333 -106.08333"
"688","1107-16472",1996-06-12,"MALL","52.08333 -106.08333"
"689","1107-16473",1996-06-16,"MALL","52.08333 -106.08333"
"690","1107-16474",1996-06-16,"MALL","52.08333 -106.08333"
"691","1107-16475",1996-06-16,"MALL","52.08333 -106.08333"
"692","1107-16476",1996-06-16,"MALL","52.08333 -106.08333"
"693","1107-16477",1996-06-17,"MALL","52.08333 -106.08333"
"694","1107-16478",1996-06-17,"MALL","52.08333 -106.08333"
"695","1107-16479",1996-06-17,"MALL","52.08333 -106.08333"
"696","1107-16480",1996-06-20,"MALL","52.08333 -106.08333"
"697","1107-16481",1996-06-21,"MALL","52.08333 -106.08333"
"698","1107-16482",1996-06-26,"MALL","52.08333 -106.08333"
"699","1107-16483",1996-06-28,"MALL","52.08333 -106.08333"
"700","1107-16484",1996-06-29,"MALL","52.08333 -106.08333"
"701","1107-16485",1996-06-29,"MALL","52.08333 -106.08333"
"702","1107-16486",1996-06-30,"MALL","52.08333 -106.08333"
"703","1107-16487",1996-07-05,"MALL","52.08333 -106.08333"
"704","1107-16488",1996-07-05,"MALL","52.08333 -106.08333"
"705","1107-16489",1996-07-06,"MALL","52.08333 -106.08333"
"706","1107-16491",1996-07-11,"MALL","52.08333 -106.08333"
"707","1107-16492",1996-07-11,"MALL","52.08333 -106.08333"
"708","1107-16493",1996-07-11,"MALL","52.08333 -106.08333"
"709","1107-16494",1996-07-12,"MALL","52.08333 -106.08333"
"710","1107-16495",1996-07-17,"MALL","52.08333 -106.08333"
"711","1107-16496",1996-07-18,"MALL","52.08333 -106.08333"
"712","1107-16497",1996-07-18,"MALL","52.08333 -106.08333"
"713","1107-16498",1996-07-19,"MALL","52.08333 -106.08333"
"714","1107-16499",1996-07-21,"MALL","52.08333 -106.08333"
"715","1107-16500",1996-07-25,"MALL","52.08333 -106.08333"
"716","1467-52327",1996-06-12,"MALL","52.08333 -106.08333"
"717","1467-52328",1996-06-13,"MALL","52.08333 -106.08333"
"718","1467-52329",1996-06-14,"MALL","52.08333 -106.08333"
"719","1467-52330",1996-06-14,"MALL","52.08333 -106.08333"
"720","1467-52331",1996-06-15,"MALL","52.08333 -106.08333"
"721","1467-52332",1996-06-18,"MALL","52.08333 -106.08333"
"722","1467-52333",1996-06-26,"MALL","52.08333 -106.08333"
"723","1467-52334",1996-06-27,"MALL","52.08333 -106.08333"
"724","1467-52335",1996-07-01,"MALL","52.08333 -106.08333"
"725","1467-52336",1996-07-01,"MALL","52.08333 -106.08333"
"726","1467-52337",1996-07-01,"MALL","52.08333 -106.08333"
"727","1467-52338",1996-07-03,"MALL","52.08333 -106.08333"
"728","1467-52339",1996-07-03,"MALL","52.08333 -106.08333"
"729","1467-52340",1996-07-08,"MALL","52.08333 -106.08333"
"730","1467-52341",1996-07-08,"MALL","52.08333 -106.08333"
"731","1467-52342",1996-07-14,"MALL","52.08333 -106.08333"
"732","1467-52343",1996-07-28,"MALL","52.08333 -106.08333"
"733","1467-52344",1996-07-28,"MALL","52.08333 -106.08333"
"734","1467-52346",1996-08-24,"MALL","52.08333 -106.08333"
"735","1467-52352",1997-06-11,"MALL","52.08333 -106.08333"
"736","1467-52361",1996-06-25,"MALL","52.08333 -106.08333"
"737","2367-85801",1996-07-30,"MALL","52.08333 -106.08333"
"738","2367-85802",1996-08-02,"MALL","52.08333 -106.08333"
"739","2367-85804",1996-08-16,"MALL","52.08333 -106.08333"
"740","2367-85809",1996-08-26,"MALL","52.08333 -106.08333"
"741","2367-85815",1996-08-26,"MALL","52.08333 -106.08333"
"742","2367-85816",1996-08-26,"MALL","52.08333 -106.08333"
"743","2367-85818",1996-08-29,"MALL","52.08333 -106.08333"
"744","2367-85822",1996-08-31,"MALL","52.08333 -106.08333"
"745","2367-85837",1996-09-02,"MALL","52.08333 -106.08333"
"746","1467-52354",1997-06-24,"MALL","52.08333 -106.08333"
"747","1467-52355",1997-06-24,"MALL","52.08333 -106.08333"
"748","1467-52356",1997-06-28,"MALL","52.08333 -106.08333"
"749","1467-52357",1997-07-08,"MALL","52.08333 -106.08333"
"750","1467-52358",1997-07-08,"MALL","52.08333 -106.08333"
"751","1467-52359",1997-07-09,"MALL","52.08333 -106.08333"
"752","1467-52360",1997-07-09,"MALL","52.08333 -106.08333"
"753","1467-52362",1997-07-16,"MALL","52.08333 -106.08333"
"754","1467-52363",1997-07-16,"MALL","52.08333 -106.08333"
"755","1467-52364",1997-07-16,"MALL","52.08333 -106.08333"
"756","2367-85838",1997-05-27,"MALL","52.08333 -106.08333"
"757","2367-85839",1997-05-27,"MALL","52.08333 -106.08333"
"758","2367-85840",1997-05-27,"MALL","52.08333 -106.08333"
"759","2367-85841",1997-05-27,"MALL","52.08333 -106.08333"
"760","2367-85842",1997-05-28,"MALL","52.08333 -106.08333"
"761","2367-85843",1997-05-28,"MALL","52.08333 -106.08333"
"762","2367-85844",1997-05-28,"MALL","52.08333 -106.08333"
"763","2367-85845",1997-05-30,"MALL","52.08333 -106.08333"
"764","2367-85846",1997-05-30,"MALL","52.08333 -106.08333"
"765","2367-85847",1997-05-30,"MALL","52.08333 -106.08333"
"766","2367-85848",1997-05-31,"MALL","52.08333 -106.08333"
"767","2367-85849",1997-05-31,"MALL","52.08333 -106.08333"
"768","2367-85850",1997-06-02,"MALL","52.08333 -106.08333"
"769","2367-85851",1997-06-02,"MALL","52.08333 -106.08333"
"770","2367-85852",1997-06-02,"MALL","52.08333 -106.08333"
"771","2367-85853",1997-06-02,"MALL","52.08333 -106.08333"
"772","2367-85854",1997-06-03,"MALL","52.08333 -106.08333"
"773","2367-85855",1997-06-03,"MALL","52.08333 -106.08333"
"774","2367-85856",1997-06-03,"MALL","52.08333 -106.08333"
"775","2367-85857",1997-06-05,"MALL","52.08333 -106.08333"
"776","2367-85858",1997-06-07,"MALL","52.08333 -106.08333"
"777","2367-85859",1997-06-07,"MALL","52.08333 -106.08333"
"778","2367-85860",1997-06-07,"MALL","52.08333 -106.08333"
"779","2367-85861",1997-06-07,"MALL","52.08333 -106.08333"
"780","2367-85862",1997-06-08,"MALL","52.08333 -106.08333"
"781","2367-85863",1997-06-10,"MALL","52.08333 -106.08333"
"782","2367-85864",1997-06-12,"MALL","52.08333 -106.08333"
"783","2367-85865",1997-06-12,"MALL","52.08333 -106.08333"
"784","2367-85866",1997-06-14,"MALL","52.08333 -106.08333"
"785","2367-85867",1997-06-14,"MALL","52.08333 -106.08333"
"786","2367-85868",1997-06-14,"MALL","52.08333 -106.08333"
"787","2367-85869",1997-06-17,"MALL","52.08333 -106.08333"
"788","2367-85870",1997-06-22,"MALL","52.08333 -106.08333"
"789","2367-85871",1997-06-16,"MALL","52.08333 -106.08333"
"790","2367-85872",1997-06-16,"MALL","52.08333 -106.08333"
"791","2367-85873",1997-06-23,"MALL","52.08333 -106.08333"
"792","2367-85874",1997-06-24,"MALL","52.08333 -106.08333"
"793","2367-85875",1997-06-24,"MALL","52.08333 -106.08333"
"794","2367-85876",1997-06-25,"MALL","52.08333 -106.08333"
"795","2367-85877",1997-06-27,"MALL","52.08333 -106.08333"
"796","2367-85878",1997-06-27,"MALL","52.08333 -106.08333"
"797","2367-85879",1997-06-30,"MALL","52.08333 -106.08333"
"798","2367-85880",1997-06-30,"MALL","52.08333 -106.08333"
"799","2367-85881",1997-07-06,"MALL","52.08333 -106.08333"
"800","2367-85882",1997-07-08,"MALL","52.08333 -106.08333"
"801","2367-85883",1997-07-08,"MALL","52.08333 -106.08333"
"802","2367-85884",1997-07-11,"MALL","52.08333 -106.08333"
"803","2367-85885",1997-07-12,"MALL","52.08333 -106.08333"
"804","2367-85886",1997-07-12,"MALL","52.08333 -106.08333"
"805","2367-85887",1997-07-15,"MALL","52.08333 -106.08333"
"806","2367-85888",1997-07-15,"MALL","52.08333 -106.08333"
"807","2367-85889",1997-07-17,"MALL","52.08333 -106.08333"
"808","2367-85890",1997-07-18,"MALL","52.08333 -106.08333"
"809","2367-85891",1997-07-20,"MALL","52.08333 -106.08333"
"810","2367-85892",1997-07-21,"MALL","52.08333 -106.08333"
"811","2367-85893",1997-07-22,"MALL","52.08333 -106.08333"
"812","2367-85894",1997-07-22,"MALL","52.08333 -106.08333"
"813","2367-85895",1997-07-24,"MALL","52.08333 -106.08333"
"814","2367-85896",1997-07-24,"MALL","52.08333 -106.08333"
"815","2367-85897",1997-08-06,"MALL","52.08333 -106.08333"
"816","2367-85898",1998-05-26,"MALL","52.08333 -106.08333"
"817","2367-85900",1998-06-23,"MALL","52.08333 -106.08333"
"818","1467-52365",1998-05-25,"MALL","52.08333 -106.08333"
"819","1467-52366",1998-06-11,"MALL","52.08333 -106.08333"
"820","1467-52367",1998-06-12,"MALL","52.08333 -106.08333"
"821","1467-52368",1998-06-15,"MALL","52.08333 -106.08333"
"822","1467-52369",1998-06-16,"MALL","52.08333 -106.08333"
"823","1467-52370",1998-06-18,"MALL","52.08333 -106.08333"
"824","1467-52371",1998-06-22,"MALL","52.08333 -106.08333"
"825","1467-52372",1998-06-24,"MALL","52.08333 -106.08333"
"826","1467-52373",1998-06-24,"MALL","52.08333 -106.08333"
"827","1467-52374",1998-06-24,"MALL","52.08333 -106.08333"
"828","1467-52375",1998-06-24,"MALL","52.08333 -106.08333"
"829","1467-52376",1998-06-29,"MALL","52.08333 -106.08333"
"830","1467-52377",1998-06-29,"MALL","52.08333 -106.08333"
"831","1467-52378",1998-06-30,"MALL","52.08333 -106.08333"
"832","1467-52379",1998-06-30,"MALL","52.08333 -106.08333"
"833","1467-52380",1998-07-06,"MALL","52.08333 -106.08333"
"834","1467-52381",1998-07-06,"MALL","52.08333 -106.08333"
"835","1467-52382",1998-07-08,"MALL","52.08333 -106.08333"
"836","1467-52383",1998-07-09,"MALL","52.08333 -106.08333"
"837","1467-52384",1998-07-09,"MALL","52.08333 -106.08333"
"838","1467-52385",1998-07-09,"MALL","52.08333 -106.08333"
"839","1467-52386",1998-07-19,"MALL","52.08333 -106.08333"
"840","2367-85605",1998-07-06,"MALL","52.08333 -106.08333"
"841","2367-85606",1998-07-07,"MALL","52.08333 -106.08333"
"842","2367-85607",1998-07-07,"MALL","52.08333 -106.08333"
"843","2367-85608",1998-07-07,"MALL","52.08333 -106.08333"
"844","2367-85609",1998-07-09,"MALL","52.08333 -106.08333"
"845","2367-85610",1998-07-14,"MALL","52.08333 -106.08333"
"846","2367-85611",1998-07-15,"MALL","52.08333 -106.08333"
"847","2437-54001",1999-06-02,"MALL","52.25 -106.08333"
"848","2437-54002",1999-06-03,"MALL","52.25 -106.08333"
"849","2437-54003",1999-06-22,"MALL","52.25 -106.08333"
"850","2437-54004",1999-06-23,"MALL","52.25 -106.08333"
"851","2437-54005",1999-06-23,"MALL","52.25 -106.08333"
"852","2437-54006",1999-06-23,"MALL","52.25 -106.08333"
"853","2437-54007",1999-06-24,"MALL","52.25 -106.08333"
"854","2437-54008",1999-06-24,"MALL","52.25 -106.08333"
"855","2437-54009",1999-06-28,"MALL","52.25 -106.08333"
"856","2437-54010",1999-07-03,"MALL","52.25 -106.08333"
"857","2437-54011",1999-07-05,"MALL","52.25 -106.08333"
"858","2437-54012",1999-07-05,"MALL","52.25 -106.08333"
"859","2437-54013",1999-07-05,"MALL","52.25 -106.08333"
"860","2437-54014",1999-07-05,"MALL","52.25 -106.08333"
"861","2437-54015",1999-07-05,"MALL","52.25 -106.08333"
"862","2437-54016",1999-07-07,"MALL","52.25 -106.08333"
"863","2437-54017",1999-07-09,"MALL","52.25 -106.08333"
"864","2437-54018",1999-07-16,"MALL","52.25 -106.08333"
"865","2437-54019",1999-07-21,"MALL","52.25 -106.08333"
"866","2437-54020",1999-07-21,"MALL","52.25 -106.08333"
"867","2437-54021",1999-07-28,"MALL","52.25 -106.08333"
"868","1617-93801",2000-05-23,"MALL","52.25 -106.08333"
"869","1617-93802",2000-05-26,"MALL","52.25 -106.08333"
"870","1617-93803",2000-06-05,"MALL","52.25 -106.08333"
"871","1617-93804",2000-06-07,"MALL","52.25 -106.08333"
"872","1617-93805",2000-06-12,"MALL","52.25 -106.08333"
"873","1617-93808",2000-07-11,"MALL","52.25 -106.08333"
"874","2437-54023",2000-06-12,"MALL","52.25 -106.08333"
"875","1617-93806",2000-06-28,"MALL","52.25 -106.08333"
"876","1617-93807",2000-07-12,"MALL","52.25 -106.08333"
"877","1617-93809",2000-07-27,"MALL","52.25 -106.08333"
"878","1237-28506",1982-05-05,"MALL","52.08333 -106.08333"
"879","1237-28514",1982-05-19,"MALL","52.08333 -106.08333"
"880","1237-28515",1982-05-19,"MALL","52.08333 -106.08333"
"881","1237-28516",1982-05-19,"MALL","52.08333 -106.08333"
"882","1237-28517",1982-05-19,"MALL","52.08333 -106.08333"
"883","1237-28518",1982-05-19,"MALL","52.08333 -106.08333"
"884","1237-28519",1982-05-19,"MALL","52.08333 -106.08333"
"885","1237-28520",1982-05-19,"MALL","52.08333 -106.08333"
"886","1237-28521",1982-05-20,"MALL","52.08333 -106.08333"
"887","1237-28522",1982-05-20,"MALL","52.08333 -106.08333"
"888","1237-28526",1982-05-22,"MALL","52.08333 -106.08333"
"889","1237-28528",1982-05-22,"MALL","52.08333 -106.08333"
"890","1237-28538",1982-05-25,"MALL","52.08333 -106.08333"
"891","1237-28554",1982-05-28,"MALL","52.08333 -106.08333"
"892","1237-28581",1982-06-02,"MALL","52.08333 -106.08333"
"893","1357-20101",1982-06-07,"MALL","52.08333 -106.08333"
"894","1357-20110",1982-06-09,"MALL","52.08333 -106.08333"
"895","1357-20116",1982-06-10,"MALL","52.08333 -106.08333"
"896","1357-20117",1982-06-10,"MALL","52.08333 -106.08333"
"897","1357-20118",1982-06-10,"MALL","52.08333 -106.08333"
"898","1357-20122",1982-06-11,"MALL","52.08333 -106.08333"
"899","1357-20123",1982-06-11,"MALL","52.08333 -106.08333"
"900","1357-20125",1982-06-12,"MALL","52.08333 -106.08333"
"901","1357-20129",1982-06-13,"MALL","52.08333 -106.08333"
"902","1357-20130",1982-06-13,"MALL","52.08333 -106.08333"
"903","1357-20132",1982-06-15,"MALL","52.08333 -106.08333"
"904","1357-20133",1982-06-15,"MALL","52.08333 -106.08333"
"905","1357-20136",1982-06-17,"MALL","52.08333 -106.08333"
"906","1357-20139",1982-06-18,"MALL","52.08333 -106.08333"
"907","1357-20141",1982-06-23,"MALL","52.08333 -106.08333"
"908","1357-20143",1982-06-29,"MALL","52.08333 -106.08333"
"909","1357-20145",1982-07-10,"MALL","52.08333 -106.08333"
"910","1357-20146",1982-07-10,"MALL","52.08333 -106.08333"
"911","1357-20169",1983-05-03,"MALL","52.08333 -106.08333"
"912","1357-20175",1983-05-03,"MALL","52.08333 -106.08333"
"913","1357-20177",1983-05-03,"MALL","52.08333 -106.08333"
"914","1357-20181",1983-05-04,"MALL","52.08333 -106.08333"
"915","1357-20197",1983-05-05,"MALL","52.08333 -106.08333"
"916","1237-46495",1983-06-01,"MALL","52.08333 -106.08333"
"917","1237-46496",1983-06-01,"MALL","52.08333 -106.08333"
"918","1167-44221",1983-06-03,"MALL","52.08333 -106.08333"
"919","1167-44230",1983-06-07,"MALL","52.08333 -106.08333"
"920","1167-44245",1983-06-08,"MALL","52.08333 -106.08333"
"921","1167-44258",1983-06-09,"MALL","52.08333 -106.08333"
"922","1167-44271",1983-06-14,"MALL","52.08333 -106.08333"
"923","1167-44273",1983-06-14,"MALL","52.08333 -106.08333"
"924","1167-44293",1983-07-07,"MALL","52.08333 -106.08333"
"925","1167-44294",1983-07-12,"MALL","52.08333 -106.08333"
"926","1167-44295",1983-07-13,"MALL","52.08333 -106.08333"
"927","1167-44296",1983-07-18,"MALL","52.08333 -106.08333"
"928","1337-44601",1983-08-05,"MALL","52.08333 -106.08333"
"929","1337-44604",1984-04-14,"MALL","52.08333 -106.08333"
"930","1337-44610",1984-04-16,"MALL","52.08333 -106.08333"
"931","1337-44658",1984-05-03,"MALL","52.08333 -106.08333"
"932","1337-44673",1984-05-09,"MALL","52.08333 -106.08333"
"933","1337-44685",1984-05-14,"MALL","52.08333 -106.08333"
"934","1337-44686",1984-05-14,"MALL","52.08333 -106.08333"
"935","1337-44700",1984-05-22,"MALL","52.08333 -106.08333"
"936","1337-44728",1984-05-30,"MALL","52.08333 -106.08333"
"937","1337-44733",1984-06-04,"MALL","52.08333 -106.08333"
"938","1337-44734",1984-06-04,"MALL","52.08333 -106.08333"
"939","1337-44746",1984-06-11,"MALL","52.08333 -106.08333"
"940","1337-44751",1984-06-25,"MALL","52.08333 -106.08333"
"941","1337-44752",1984-07-11,"MALL","52.08333 -106.08333"
"942","1337-44755",1984-07-11,"MALL","52.08333 -106.08333"
"943","1337-44760",1984-07-18,"MALL","52.08333 -106.08333"
"944","1337-44761",1984-07-18,"MALL","52.08333 -106.08333"
"945","1337-44762",1984-07-18,"MALL","52.08333 -106.08333"
"946","1337-44763",1984-07-18,"MALL","52.08333 -106.08333"
"947","1337-44765",1984-07-24,"MALL","52.08333 -106.08333"
"948","1337-44770",1984-07-24,"MALL","52.08333 -106.08333"
"949","1337-44771",1984-07-24,"MALL","52.08333 -106.08333"
"950","1337-44773",1984-07-24,"MALL","52.08333 -106.08333"
"951","1337-44774",1984-08-02,"MALL","52.08333 -106.08333"
"952","1337-44777",1984-08-02,"MALL","52.08333 -106.08333"
"953","1337-44786",1984-08-08,"MALL","52.08333 -106.08333"
"954","1337-44787",1984-08-08,"MALL","52.08333 -106.08333"
"955","1337-44790",1984-08-08,"MALL","52.08333 -106.08333"
"956","1337-44791",1984-08-08,"MALL","52.08333 -106.08333"
"957","1337-44796",1984-08-14,"MALL","52.08333 -106.08333"
"958","1337-44775",1984-08-02,"MALL","52.08333 -106.08333"
"959","1337-44800",1984-08-17,"MALL","52.08333 -106.08333"
"960","1337-44805",1984-08-17,"MALL","52.08333 -106.08333"
"961","1337-44807",1984-08-28,"MALL","52.08333 -106.08333"
"962","1337-44818",1985-04-30,"MALL","52.25 -106.08333"
"963","1337-44555",1985-05-28,"MALL","52.25 -106.08333"
"964","1337-44566",1985-06-01,"MALL","52.25 -106.08333"
"965","1337-44567",1985-06-06,"MALL","52.25 -106.08333"
"966","1337-44568",1985-06-08,"MALL","52.25 -106.08333"
"967","1337-44569",1985-06-09,"MALL","52.25 -106.08333"
"968","1337-44570",1985-06-09,"MALL","52.25 -106.08333"
"969","1337-44571",1985-06-19,"MALL","52.25 -106.08333"
"970","1337-44572",1985-06-21,"MALL","52.25 -106.08333"
"971","1337-44573",1985-06-21,"MALL","52.25 -106.08333"
"972","1337-44574",1985-07-15,"MALL","52.25 -106.08333"
"973","1337-44575",1985-07-15,"MALL","52.25 -106.08333"
"974","1337-44580",1985-08-26,"MALL","52.25 -106.08333"
"975","1337-44581",1985-08-26,"MALL","52.25 -106.08333"
"976","1337-44582",1985-08-26,"MALL","52.25 -106.08333"
"977","1337-44584",1985-08-26,"MALL","52.25 -106.08333"
"978","1337-44951 +CB",1986-05-27,"MALL","52.08333 -106.08333"
"979","1337-44953+CB",1986-05-29,"MALL","52.08333 -106.08333"
"980","1337-44956 +CB",1986-05-29,"MALL","52.08333 -106.08333"
"981","1337-44957+CB",1986-05-29,"MALL","52.08333 -106.08333"
"982","1337-44975+CB",1986-06-04,"MALL","52.08333 -106.08333"
"983","1337-44980 + yellow band ",1986-06-05,"MALL","52.08333 -106.08333"
"984","1337-44993+yellow CB",1986-06-08,"MALL","52.08333 -106.08333"
"985","1337-44995+CB",1986-06-17,"MALL","52.08333 -106.08333"
"986","1337-44996+CB",1986-06-17,"MALL","52.08333 -106.08333"
"987","1337-44999",1986-06-24,"MALL","52.08333 -106.08333"
"988","1337-45000+CB",1986-06-25,"MALL","52.08333 -106.08333"
"989","1447-40101",1986-07-08,"MALL","52.08333 -106.08333"
"990","1447-40103+CB",1986-07-11,"MALL","52.08333 -106.08333"
"991","1447-40104+CB",1986-07-16,"MALL","52.08333 -106.08333"
"992","1447-40107+CB",1986-07-29,"MALL","52.08333 -106.08333"
"993","1447-40108",1986-07-29,"MALL","52.08333 -106.08333"
"994","1447-40110",1986-08-17,"MALL","52.08333 -106.08333"
"995","1447-40129 + red band left",1987-04-18,"MALL","52.08333 -106.08333"
"996","1447-40131 + red band left",1987-04-21,"MALL","52.08333 -106.08333"
"997","1447-40145",1987-04-25,"MALL","52.08333 -106.08333"
"998","1447-40148",1987-04-25,"MALL","52.08333 -106.08333"
"999","1447-40164+red CB",1987-05-10,"MALL","52.08333 -106.08333"
"1000","1447-40160+red CB",1987-05-18,"MALL","52.08333 -106.08333"
"1001","1447--40183+red CB",1987-05-22,"MALL","52.08333 -106.08333"
"1002","1447--40184+red CB",1987-05-23,"MALL","52.08333 -106.08333"
"1003","1447--40191+red CB",1987-05-23,"MALL","52.08333 -106.08333"
"1004","1447--40192+red CB",1987-05-25,"MALL","52.08333 -106.08333"
"1005","1447-40180",1987-06-06,"MALL","52.08333 -106.08333"
"1006","1447-40201+red band ",1987-06-17,"MALL","52.08333 -106.08333"
"1007","1447-40202",1987-06-26,"MALL","52.08333 -106.08333"
"1008","1447-40203 +red band ",1987-06-26,"MALL","52.08333 -106.08333"
"1009","1447-40204",1987-06-29,"MALL","52.08333 -106.08333"
"1010","1447-40205",1987-07-02,"MALL","52.08333 -106.08333"
"1011","1447-40206 +red band ",1987-07-03,"MALL","52.08333 -106.08333"
"1012","1447-40207 +red band ",1987-07-08,"MALL","52.08333 -106.08333"
"1013","1447-40208 +blue band ",1987-07-13,"MALL","52.08333 -106.08333"
"1014","1447-40209 +red band ",1987-07-13,"MALL","52.08333 -106.08333"
"1015","1447-40212 +blue band ",1987-07-16,"MALL","52.08333 -106.08333"
"1016","1447-40218 +blue band ",1987-07-16,"MALL","52.08333 -106.08333"
"1017","1447-40219",1987-07-16,"MALL","52.08333 -106.08333"
"1018","1447-40241",1988-04-21,"MALL","52.08333 -106.08333"
"1019","1447-40120",1986-08-21,"MALL","52.08333 -106.08333"
"1020","1447-40251",1988-04-23,"MALL","52.08333 -106.08333"
"1021","1447-40211",1987-07-16,"MALL","52.08333 -106.08333"
"1022","1447-40257",1988-04-28,"MALL","52.08333 -106.08333"
"1023","1447-40265",1988-05-01,"MALL","52.08333 -106.08333"
"1024","1447-40278",1988-05-05,"MALL","52.08333 -106.08333"
"1025","1447-40128",1986-08-31,"MALL","52.08333 -106.08333"
"1026","1447-40289",1988-05-09,"MALL","52.08333 -106.08333"
"1027","1447-40295",1988-05-10,"MALL","52.08333 -106.08333"
"1028","1447-40308",1988-05-19,"MALL","52.08333 -106.08333"
"1029","1447-40313",1988-05-19,"MALL","52.08333 -106.08333"
"1030","1447-40174",1987-05-19,"MALL","52.08333 -106.08333"
"1031","1447-40331",1988-06-23,"MALL","52.08333 -106.08333"
"1032","1447-40332",1988-06-23,"MALL","52.08333 -106.08333"
"1033","1447-40373",1988-08-19,"MALL","52.08333 -106.08333"
"1034","1447-40412",1989-05-30,"MALL","52.08333 -106.08333"
"1035","1447-40416",1989-06-13,"MALL","52.08333 -106.08333"
"1036","1447-40417",1989-06-12,"MALL","52.08333 -106.08333"
"1037","1447-40418",1989-06-12,"MALL","52.08333 -106.08333"
"1038","1447-40419",1989-06-28,"MALL","52.08333 -106.08333"
"1039","1447-40420",1989-06-27,"MALL","52.08333 -106.08333"
"1040","1447-40425",1989-08-03,"MALL","52.08333 -106.08333"
"1041","1447-40427",1989-08-03,"MALL","52.08333 -106.08333"
"1042","1447-40361",1988-08-11,"MALL","52.08333 -106.08333"
"1043","1467-52216",1990-06-05,"MALL","52.08333 -106.08333"
"1044","1467-52217",1990-06-07,"MALL","52.08333 -106.08333"
"1045","1467-52219",1990-06-07,"MALL","52.08333 -106.08333"
"1046","1467-52220",1990-06-11,"MALL","52.08333 -106.08333"
"1047","1467-52221",1990-06-11,"MALL","52.08333 -106.08333"
"1048","1467-52222",1990-06-11,"MALL","52.08333 -106.08333"
"1049","1467-52223",1990-06-11,"MALL","52.08333 -106.08333"
"1050","1467-52224",1990-06-22,"MALL","52.08333 -106.08333"
"1051","1467-52225 ",1990-06-25,"MALL","52.08333 -106.08333"
"1052","1467-52226",1990-06-27,"MALL","52.08333 -106.08333"
"1053","1467-52227",1990-06-28,"MALL","52.08333 -106.08333"
"1054","1467-52228",1990-07-02,"MALL","52.08333 -106.08333"
"1055","1467-52229",1990-07-13,"MALL","52.08333 -106.08333"
"1056","1467-52230",1990-07-14,"MALL","52.08333 -106.08333"
"1057","1467-52233",1990-08-02,"MALL","52.08333 -106.08333"
"1058","1467-52237",1990-08-03,"MALL","52.08333 -106.08333"
"1059","1467-52409",1991-05-06,"MALL","52.25 -106.08333"
"1060","1467-52472",1991-06-13,"MALL","52.25 -106.08333"
"1061","1467-52446",1991-05-24,"MALL","52.25 -106.08333"
"1062","1467-52419",1991-05-10,"MALL","52.25 -106.08333"
"1063","1467-52465",1991-06-05,"MALL","52.25 -106.08333"
"1064","1467-52243",1990-08-24,"MALL","52.08333 -106.08333"
"1065","1467-52271",1990-10-16,"MALL","52.08333 -106.75"
"1066","1467-52298",1991-04-26,"MALL","52.08333 -106.08333"
"1067","1467-52473",1991-06-14,"MALL","52.25 -106.08333"
"1068","1467-52476",1991-07-04,"MALL","52.25 -106.08333"
"1069","1467-52477",1991-07-05,"MALL","52.25 -106.08333"
"1070","1467-52474",1991-06-17,"MALL","52.25 -106.08333"
"1071","1467-52475",1991-06-18,"MALL","52.25 -106.08333"
"1072","1467-52482",1991-07-22,"MALL","52.25 -106.08333"
"1073","1467-52480",1991-07-18,"MALL","52.25 -106.08333"
"1074","1467-52478",1991-07-18,"MALL","52.25 -106.08333"
"1075","1467-52481",1991-07-18,"MALL","52.25 -106.08333"
"1076","896-75226",1994-07-18,"GADW","52.08333 -106.08333"
"1077","1016-61311",1997-07-14,"GADW","52.08333 -106.08333"
"1078","1467-52235",1990-08-02,"MALL","52.08333 -106.08333"
